x,y,altura_m,area_m2,classe,nome
699749.2,7023332.1,148.17,2023232,?,
694421.2,7023604.1,126.57,3776,?,
694581.2,7023572.1,76.56,832,?,
694237.2,7023580.1,38.35,512,?,
694357.2,7023652.1,33.13,256,?,
694269.2,7023612.1,30.77,768,?,
719421.2,7026028.1,26.87,320,?,
719461.2,7026044.1,25.6,320,?,
733933.2,7020596.1,22.78,58368,?,
734581.2,7025340.1,22.09,640,?,
642701.2,6956836.1,22.0,99136,represa,
719389.2,7026004.1,19.66,448,?,
581821.2,7018084.1,18.17,832,?,
729357.2,7024684.1,18.12,520512,?,
718605.2,7026780.1,17.35,512,?,
732213.2,7022668.1,15.51,459200,?,
726733.2,7028668.1,14.8,949184,?,
694237.2,7023444.1,14.2,448,?,
714445.2,7022308.1,13.6,1282304,?,
725117.2,7028428.1,12.7,571328,?,
719677.2,7025820.1,12.68,509056,?,
703237.2,7020108.1,11.75,1472,?,
594701.2,7002796.1,11.45,838272,?,
696253.2,6994484.1,11.33,43584,?,
710733.2,7021172.1,11.22,8640,?,
689701.2,7025948.1,11.14,1024,?,
709013.2,7003852.1,10.83,1088,?,
659445.2,6937844.1,10.62,448,?,
727773.2,7025804.1,10.58,365568,?,
711597.2,7021532.1,10.46,28544,?,
719629.2,7025924.1,10.42,512,?,
594157.2,7002348.1,10.4,106560,?,
689197.2,7026020.1,10.31,147008,?,
585749.2,7009572.1,10.26,12032,?,
719621.2,7025956.1,10.22,256,?,
659669.2,7009284.1,10.02,576,?,
719589.2,7026012.1,9.94,448,?,
676629.2,7026164.1,9.9,2624,?,
684469.2,7023532.1,9.81,576,?,
710045.2,7006332.1,9.79,2816,?,
616205.2,6989204.1,9.74,1280,?,
729045.2,7018732.1,9.55,6080,?,
632645.2,7024868.1,9.52,460224,?,
674421.2,6986356.1,9.4,1088,?,
700165.2,6996204.1,9.12,6592,?,
703997.2,6997588.1,9.08,2432,?,
677237.2,6988436.1,9.01,896,?,
637429.2,7013364.1,8.97,2560,?,
715205.2,7011172.1,8.93,151872,?,
707253.2,7002340.1,8.84,45376,?,
635741.2,7009140.1,8.74,29952,?,
682853.2,6989764.1,8.67,448,?,
710597.2,7006940.1,8.66,1472,?,
703541.2,6997404.1,8.63,4736,?,
694429.2,6989844.1,8.59,4352,?,
689805.2,7025852.1,8.56,1216,?,
641429.2,7009252.1,8.54,1152,?,
687437.2,6991028.1,8.46,3392,?,
660381.2,7013724.1,8.37,698816,?,
666941.2,7017180.1,8.37,480640,?,
696101.2,6995748.1,8.37,38656,?,
643165.2,7010412.1,8.31,1344,?,
704421.2,6998084.1,8.3,1984,?,
713413.2,7009812.1,8.26,6720,?,
661437.2,7010300.1,8.21,157568,?,
702925.2,6996756.1,8.21,2304,?,
713637.2,7009900.1,8.2,11264,?,
689829.2,7025804.1,8.19,640,?,
709589.2,7020092.1,8.13,2560,?,
708933.2,7003788.1,8.01,384,?,
719597.2,7025996.1,7.99,256,?,
713869.2,7009756.1,7.95,384,?,
697485.2,7023868.1,7.87,384,?,
704917.2,7000884.1,7.87,3776,?,
694117.2,7023292.1,7.8,384,?,
710037.2,7005724.1,7.74,576,?,
711141.2,7007284.1,7.72,512,?,
706917.2,7000812.1,7.72,11712,?,
714189.2,7009796.1,7.71,1088,?,
638045.2,7012460.1,7.69,526720,?,
646893.2,6997516.1,7.69,1152,represa,Barragem Vertedouro Salto Pilão
704573.2,7000268.1,7.67,1216,?,
729773.2,7021676.1,7.63,39808,?,
700821.2,6995972.1,7.6,2240,?,
711557.2,7021428.1,7.42,1920,?,
703997.2,6999892.1,7.39,960,ponte,
712285.2,7008108.1,7.32,2048,?,
730085.2,7023188.1,7.31,7232,?,
679189.2,7024556.1,7.29,40832,?,
647117.2,7003044.1,7.29,57408,?,
719357.2,7025980.1,7.28,320,?,
703229.2,6996804.1,7.27,1216,?,
639509.2,6963364.1,7.27,256,?,
709909.2,7006524.1,7.24,384,?,
722277.2,7024500.1,7.23,774464,?,
713437.2,7009348.1,7.13,7168,?,
704429.2,6997924.1,7.13,1856,?,
641901.2,7008580.1,7.07,25344,?,
676109.2,6986740.1,7.07,896,?,
718501.2,7026788.1,7.03,256,?,
634749.2,6977668.1,7.03,146496,ponte,
705141.2,7001124.1,6.99,320,?,
702541.2,6997300.1,6.98,2112,?,
707989.2,7003124.1,6.94,512,?,
685997.2,6991612.1,6.94,38144,?,
672941.2,7028308.1,6.93,512,?,
730101.2,7023092.1,6.93,3136,?,
713973.2,7009820.1,6.88,2240,?,
701813.2,6997396.1,6.87,320,?,
653949.2,6940980.1,6.8,320,?,
707429.2,7001252.1,6.79,11520,?,
592861.2,7002292.1,6.77,10304,?,
679965.2,6989884.1,6.76,448,?,
657165.2,6939148.1,6.76,704,?,
702917.2,6996916.1,6.75,960,?,
701381.2,6996580.1,6.66,3328,?,
704717.2,7000580.1,6.61,832,?,
643205.2,7010444.1,6.57,320,?,
709717.2,7020148.1,6.55,704,?,
639309.2,7008196.1,6.54,640,?,
691965.2,6990932.1,6.53,3328,?,
700453.2,6996052.1,6.51,4992,?,
698877.2,6995884.1,6.51,320,ponte,
702797.2,6997028.1,6.48,4032,?,
638053.2,6969332.1,6.48,448,?,
733797.2,7021420.1,6.45,122560,?,
709669.2,7004788.1,6.45,1088,?,
704053.2,6999932.1,6.43,384,ponte,
704589.2,6998812.1,6.43,3264,?,
697669.2,6996044.1,6.43,768,?,
583885.2,7011228.1,6.42,14464,?,
687357.2,7025116.1,6.4,704,represa,PCH Salto (Salto Weissbach) - Barragem III
702469.2,6997500.1,6.39,3328,?,
669853.2,7031732.1,6.38,576,?,
635973.2,7007308.1,6.36,320,ponte,
674789.2,6986716.1,6.35,320,?,
711909.2,7008084.1,6.29,18752,?,
703925.2,6999244.1,6.28,256,?,
702725.2,6997404.1,6.27,8000,?,
684261.2,7023572.1,6.25,1280,?,
668149.2,7031668.1,6.24,1408,?,
696661.2,6995940.1,6.22,320,?,
637269.2,7016300.1,6.21,347648,?,
710125.2,7005852.1,6.19,320,?,
701405.2,6996796.1,6.19,2688,?,
593829.2,6993220.1,6.17,36032,?,
637461.2,6968100.1,6.16,8832,represa,
711245.2,7021412.1,6.15,1536,?,
729325.2,7019308.1,6.14,11456,?,
700365.2,6995852.1,6.14,3392,?,
592693.2,7002900.1,6.12,1216,?,
730413.2,7024140.1,6.08,114432,?,
710101.2,7006828.1,6.07,256,?,
718613.2,7026588.1,5.94,256,ponte,
702621.2,6997348.1,5.94,1536,?,
729637.2,7020140.1,5.91,2048,?,
586197.2,7009564.1,5.91,1536,?,
701533.2,6996980.1,5.9,2560,?,
723181.2,7027556.1,5.87,82432,?,
703933.2,6999828.1,5.86,640,?,
699933.2,6996364.1,5.86,5696,?,
641949.2,7008460.1,5.85,384,?,
686685.2,7024836.1,5.79,896,?,
730085.2,7021940.1,5.78,13120,?,
700605.2,6995844.1,5.73,5248,?,
671765.2,7022340.1,5.69,1344,?,
622221.2,6981260.1,5.67,1664,?,
620589.2,6980860.1,5.64,1216,?,
597901.2,6998140.1,5.61,98176,?,
648589.2,7005596.1,5.58,512,?,
704069.2,6999940.1,5.56,256,?,
687853.2,7025460.1,5.55,34496,represa,
701805.2,6997452.1,5.5,256,?,
701557.2,6997148.1,5.49,704,?,
638061.2,6969292.1,5.49,320,ponte,
699901.2,6996412.1,5.47,256,?,
671805.2,7030420.1,5.45,13824,ponte,
709541.2,7004636.1,5.45,320,?,
635773.2,6990780.1,5.44,768,?,
692589.2,7020796.1,5.41,256,?,
649333.2,6951236.1,5.4,132864,?,
644885.2,7007100.1,5.38,49792,?,
698629.2,7024060.1,5.37,704,?,
709325.2,7004100.1,5.37,448,?,
708773.2,7003644.1,5.37,384,?,
594277.2,7002564.1,5.37,384,?,
635429.2,7009340.1,5.36,19200,?,
587157.2,7008484.1,5.36,2688,?,
715613.2,7022908.1,5.31,704,?,
729309.2,7020108.1,5.31,5312,?,
701797.2,6997484.1,5.3,1920,?,
654045.2,6940836.1,5.3,1024,?,
696445.2,6996060.1,5.29,4736,?,
594997.2,7002788.1,5.27,1152,?,
654117.2,6940548.1,5.25,448,?,
642069.2,7008396.1,5.24,9920,?,
634557.2,6979364.1,5.24,33088,ponte,
698357.2,7023988.1,5.22,1408,?,
696157.2,6996060.1,5.22,960,?,
729989.2,7019924.1,5.2,5120,?,
687293.2,7025092.1,5.18,832,represa,PCH Salto (Salto Weissbach) - Barragem III
690245.2,7024764.1,5.17,150336,?,
704517.2,7021876.1,5.16,640,?,
637469.2,7013060.1,5.16,1216,?,
710237.2,7006820.1,5.14,512,?,
704725.2,7000532.1,5.13,320,?,
691581.2,7023476.1,5.11,576,?,
618269.2,6992524.1,5.1,384,?,
643997.2,7009908.1,5.08,15296,?,
670877.2,7021940.1,5.07,512,?,
648653.2,7005500.1,5.07,512,?,
644349.2,7009364.1,5.05,16832,?,
620661.2,6981228.1,5.05,7936,?,
643245.2,7010476.1,5.04,320,?,
636477.2,7008036.1,5.04,384,?,
709989.2,7006372.1,5.04,256,?,
730037.2,7022612.1,5.02,1408,?,
676413.2,6986876.1,5.01,1408,?,
710677.2,7021028.1,5.0,1856,?,
591413.2,7004172.1,4.99,384,?,
676405.2,7026100.1,4.97,91200,?,
644061.2,7007508.1,4.95,1472,?,
648229.2,7003572.1,4.95,448,?,
730149.2,7022972.1,4.92,2112,?,
595317.2,6994988.1,4.9,272320,?,
636461.2,6974812.1,4.89,51264,?,
670469.2,7031564.1,4.88,448,?,
684941.2,6990916.1,4.87,256,?,
696101.2,6995980.1,4.86,1408,?,
700933.2,6995876.1,4.86,768,?,
698917.2,6995876.1,4.86,384,ponte,
653981.2,6940820.1,4.84,12352,?,
642813.2,7008556.1,4.82,704,?,
671877.2,7030716.1,4.78,512,?,
692101.2,7023708.1,4.76,320,?,
693157.2,6990860.1,4.76,448,ponte,
696933.2,7023364.1,4.74,448,?,
644893.2,6998004.1,4.74,35200,?,
640965.2,7009692.1,4.73,448,?,
653093.2,7003468.1,4.73,448,?,
696197.2,6996028.1,4.72,832,?,
688301.2,6991644.1,4.71,640,?,
641061.2,7009636.1,4.7,448,?,
637845.2,7008676.1,4.68,73216,ponte,
716421.2,7024076.1,4.65,640,?,
729533.2,7019924.1,4.64,8768,?,
707549.2,7003012.1,4.64,256,?,
698069.2,6995756.1,4.64,960,?,
694293.2,6990404.1,4.63,256,?,
655469.2,6939892.1,4.63,3776,?,
648525.2,7005652.1,4.61,832,?,
678829.2,6989284.1,4.6,1152,?,
659597.2,7008788.1,4.59,2816,?,
641141.2,7009724.1,4.58,320,?,
712765.2,7008476.1,4.58,2240,?,
696693.2,6996044.1,4.58,256,?,
653077.2,6944444.1,4.58,3136,?,
654685.2,6939524.1,4.58,448,?,
703933.2,6999188.1,4.56,256,?,
586325.2,7009356.1,4.55,5568,?,
694573.2,6989828.1,4.53,832,?,
643877.2,7010156.1,4.52,59520,?,
688045.2,6990844.1,4.51,1088,?,
681909.2,7025364.1,4.49,320,?,
696677.2,6992604.1,4.49,768,?,
640357.2,7009820.1,4.48,960,?,
655469.2,7004228.1,4.48,41856,?,
700197.2,6996004.1,4.46,640,?,
638077.2,6968956.1,4.44,384,ponte,
718605.2,7026508.1,4.42,384,?,
594821.2,7002796.1,4.42,3712,?,
659301.2,6938100.1,4.42,320,?,
729165.2,7018860.1,4.38,704,ponte,
719261.2,7025908.1,4.37,256,?,
704197.2,7021652.1,4.34,320,?,
687397.2,6991156.1,4.34,1216,?,
637637.2,6965508.1,4.34,576,?,
642453.2,6957124.1,4.34,320,?,
712965.2,7008684.1,4.33,5952,?,
652733.2,6945148.1,4.33,640,?,
676189.2,7024828.1,4.32,320,?,
581861.2,7018276.1,4.3,576,?,
658725.2,7008116.1,4.28,1152,?,
700077.2,6995948.1,4.28,896,?,
695637.2,6991996.1,4.28,1152,?,
733837.2,7021380.1,4.26,5632,?,
704581.2,6999084.1,4.25,256,?,
721557.2,7023804.1,4.24,384,?,
658917.2,7007868.1,4.24,1600,?,
648381.2,7003580.1,4.24,384,?,
637253.2,6965164.1,4.24,448,?,
642869.2,7008692.1,4.23,28032,?,
643725.2,7010556.1,4.21,256,?,
705533.2,7000844.1,4.19,320,?,
673469.2,7023412.1,4.17,1408,?,
662013.2,7008332.1,4.17,576,?,
637525.2,6965628.1,4.16,960,?,
621157.2,6980732.1,4.14,320,?,
705021.2,7001132.1,4.13,320,?,
674549.2,6986540.1,4.13,256,?,
615413.2,6988716.1,4.1,512,?,
642589.2,6956884.1,4.09,448,represa,Barragem Sul
658477.2,7005452.1,4.07,15040,?,
646813.2,6997716.1,4.06,16576,represa,UHE Salto Pilão - Vertedouro
677285.2,6988020.1,4.05,256,?,
641365.2,7009140.1,4.04,512,?,
658453.2,7005644.1,4.03,1856,?,
618189.2,6992532.1,4.03,74048,?,
680149.2,6989660.1,4.03,576,?,
676645.2,6986972.1,4.02,576,?,
692397.2,7023228.1,4.0,384,?,
641005.2,7009652.1,3.98,576,?,
658693.2,7005644.1,3.97,1408,?,
707381.2,7002788.1,3.97,448,?,
657029.2,7005444.1,3.96,306048,?,
648773.2,7004924.1,3.96,25920,?,
675637.2,6986612.1,3.95,256,?,
679317.2,7024860.1,3.94,512,?,
660189.2,7013476.1,3.94,5440,?,
593165.2,7001988.1,3.94,7040,?,
678109.2,6988692.1,3.94,320,?,
687821.2,7025572.1,3.93,2304,represa,PCH Salto (Salto Weissbach) - Barragem I
647869.2,7002260.1,3.91,7232,?,
719885.2,7016732.1,3.89,960,?,
594381.2,7002588.1,3.89,1408,?,
624925.2,6982412.1,3.88,1600,?,
620965.2,6980780.1,3.88,1024,?,
727989.2,7018844.1,3.87,4928,?,
687565.2,7025164.1,3.86,21824,represa,
652901.2,6943676.1,3.86,512,?,
718549.2,7026796.1,3.85,256,?,
644989.2,6995676.1,3.84,256512,?,
697789.2,6996108.1,3.84,1152,?,
651805.2,6949084.1,3.84,384,?,
676941.2,6987340.1,3.83,448,?,
592725.2,7002772.1,3.79,384,?,
718709.2,7026188.1,3.78,512,?,
653517.2,7003484.1,3.78,24768,?,
594557.2,7002572.1,3.78,384,?,
697421.2,6996124.1,3.78,320,?,
622349.2,6990260.1,3.78,116800,?,
622293.2,6981164.1,3.78,1280,?,
690533.2,7024244.1,3.76,512,?,
582045.2,7017388.1,3.76,512,?,
702037.2,6997788.1,3.76,256,?,
707453.2,7002964.1,3.74,256,?,
644877.2,6997260.1,3.74,41536,?,
613229.2,6995636.1,3.73,768,?,
645125.2,7006692.1,3.72,44096,?,
697365.2,6996124.1,3.72,1536,?,
687389.2,6991244.1,3.72,320,?,
706013.2,7000492.1,3.71,384,?,
650677.2,6950052.1,3.69,2176,?,
650237.2,6949500.1,3.69,1216,?,
732069.2,7022860.1,3.68,1280,?,
650789.2,7003116.1,3.68,119360,?,
684477.2,7024212.1,3.67,640,?,
682653.2,7024828.1,3.65,256,?,
687109.2,7024980.1,3.64,28224,?,
711421.2,7021332.1,3.62,320,?,
729613.2,7019260.1,3.61,6656,?,
644301.2,7009556.1,3.61,256,?,
696621.2,6995988.1,3.61,704,?,
698461.2,6995716.1,3.61,832,?,
676981.2,7025252.1,3.6,125504,?,
688741.2,6991092.1,3.6,320,?,
678885.2,6989516.1,3.6,256,?,
635237.2,7010060.1,3.58,3904,?,
679397.2,6990212.1,3.58,256,?,
700749.2,6996084.1,3.57,256,?,
670749.2,7021524.1,3.53,2240,?,
729229.2,7019084.1,3.53,384,ponte,
728773.2,7018732.1,3.53,320,ponte,
616877.2,6990756.1,3.53,256,?,
675437.2,6986644.1,3.53,256,?,
593949.2,6992580.1,3.52,512,?,
624877.2,6982364.1,3.51,320,?,
618773.2,6975900.1,3.51,1984,?,
715093.2,7022644.1,3.5,320,?,
700525.2,6995772.1,3.5,512,?,
680173.2,6989508.1,3.49,832,?,
685365.2,6991172.1,3.48,1280,?,
696461.2,6993564.1,3.47,256,?,
644157.2,7008372.1,3.46,30528,?,
635117.2,6989916.1,3.46,1280,ponte,
729341.2,7020196.1,3.45,1088,?,
684837.2,6990196.1,3.45,256,?,
699485.2,6996236.1,3.44,832,?,
673533.2,7023428.1,3.43,3200,?,
621493.2,6980732.1,3.43,448,?,
692661.2,7023492.1,3.42,384,?,
693309.2,6990716.1,3.42,320,?,
720133.2,7016756.1,3.4,704,?,
722701.2,7027540.1,3.38,1664,?,
636485.2,7008116.1,3.38,320,?,
644933.2,6997052.1,3.38,26112,?,
684285.2,6990004.1,3.38,512,?,
711645.2,7021492.1,3.37,320,?,
729477.2,7019588.1,3.37,512,?,
645381.2,6997572.1,3.36,29632,?,
586157.2,7009580.1,3.35,448,?,
651765.2,6949036.1,3.35,1792,?,
709829.2,7020236.1,3.34,512,?,
690773.2,6990804.1,3.34,448,?,
713397.2,7009580.1,3.33,1472,?,
712613.2,7008244.1,3.33,9024,?,
682717.2,7024788.1,3.32,384,?,
593525.2,6992500.1,3.32,8128,?,
671789.2,7031084.1,3.31,31552,?,
633997.2,6979708.1,3.31,4224,?,
647125.2,6997988.1,3.3,39936,?,
699109.2,6995804.1,3.3,640,?,
620773.2,6981092.1,3.3,7232,?,
621733.2,6980924.1,3.29,2112,?,
593621.2,6992196.1,3.28,1088,?,
680733.2,6989708.1,3.28,832,?,
655485.2,6939964.1,3.28,256,?,
594029.2,6993484.1,3.27,17984,?,
689861.2,7025884.1,3.26,448,?,
637845.2,7014692.1,3.26,512,?,
645477.2,6996492.1,3.26,45312,?,
684917.2,6990428.1,3.26,7552,ponte,
713165.2,7008940.1,3.25,12160,?,
634845.2,6989900.1,3.25,960,?,
694117.2,7023196.1,3.24,512,?,
698821.2,7024108.1,3.23,256,?,
701053.2,6996076.1,3.23,320,?,
593325.2,6992116.1,3.23,2176,?,
678525.2,7024860.1,3.22,9536,?,
612597.2,6994316.1,3.22,11328,?,
593517.2,6992156.1,3.22,640,?,
622205.2,6981028.1,3.22,1408,?,
671733.2,7029716.1,3.21,320,?,
584381.2,7011028.1,3.21,768,?,
592709.2,7002820.1,3.21,256,?,
651277.2,6949876.1,3.21,256,?,
687973.2,7025636.1,3.2,448,?,
712069.2,7008116.1,3.2,384,?,
734253.2,7021244.1,3.19,2944,?,
696501.2,6994964.1,3.19,576,?,
672549.2,7022364.1,3.18,384,?,
659813.2,6937772.1,3.18,4288,?,
647013.2,6998908.1,3.17,48064,?,
649133.2,6952084.1,3.17,3776,?,
671981.2,7030716.1,3.16,640,?,
611245.2,6996580.1,3.16,13952,?,
718629.2,7026364.1,3.15,640,?,
586741.2,7008956.1,3.15,3712,?,
696685.2,6995428.1,3.15,384,?,
690781.2,6990836.1,3.15,704,?,
729957.2,7022124.1,3.14,384,?,
585645.2,7009596.1,3.14,1152,?,
691749.2,7023420.1,3.13,320,?,
696245.2,6994924.1,3.12,384,?,
649293.2,6951972.1,3.12,10112,?,
724173.2,7027604.1,3.11,704,?,
644909.2,6997724.1,3.11,8320,?,
641213.2,7009052.1,3.1,4288,?,
595077.2,7002740.1,3.07,256,?,
645549.2,7006068.1,3.04,21184,?,
698813.2,6995892.1,3.04,256,?,
688893.2,6990972.1,3.04,384,ponte,
729741.2,7023124.1,3.03,1536,?,
662565.2,7006828.1,3.03,896,ponte,
648285.2,7006004.1,3.03,6144,?,
651821.2,6949044.1,3.03,2560,?,
642797.2,7008844.1,3.02,2944,?,
659477.2,7006516.1,3.02,14720,?,
646061.2,6997876.1,3.01,10816,?,
685085.2,6991028.1,3.01,384,?,
606205.2,6997820.1,3.0,9152,?,
697245.2,6993212.1,3.0,1216,?,
631509.2,7024700.1,2.99,23232,?,
584493.2,7010764.1,2.99,2432,?,
675957.2,6986676.1,2.99,832,?,
619317.2,6979092.1,2.99,1792,?,
586685.2,7009004.1,2.98,384,?,
619469.2,6979676.1,2.98,320,ponte,
684509.2,7023428.1,2.97,3456,?,
692421.2,7023244.1,2.97,256,?,
677237.2,6987828.1,2.97,512,?,
689669.2,7026028.1,2.95,2432,?,
690341.2,7024500.1,2.94,512,?,
608125.2,6997468.1,2.94,3648,?,
718669.2,7026268.1,2.93,320,?,
709973.2,7020444.1,2.93,256,?,
594629.2,7002620.1,2.93,512,?,
677229.2,7025804.1,2.92,33344,?,
660941.2,7012612.1,2.92,27776,?,
696309.2,6994100.1,2.91,576,?,
673029.2,7022932.1,2.9,37376,?,
657637.2,6938708.1,2.9,448,?,
692917.2,7021748.1,2.89,4672,?,
650477.2,7003404.1,2.88,576,?,
637981.2,6966700.1,2.88,320,ponte,
669549.2,7031820.1,2.87,256,?,
726293.2,7027316.1,2.87,768,?,
729909.2,7020652.1,2.87,3904,?,
734317.2,7021220.1,2.86,448,?,
654037.2,7004524.1,2.86,256,?,
692645.2,7023452.1,2.85,384,?,
608957.2,6997660.1,2.85,4736,?,
696461.2,6996004.1,2.85,448,?,
696357.2,6994796.1,2.85,5824,?,
724117.2,7027580.1,2.84,384,?,
635485.2,7008924.1,2.84,1600,?,
610029.2,6995932.1,2.83,19712,?,
647501.2,6954348.1,2.82,3904,?,
653277.2,6945700.1,2.82,768,?,
707141.2,7000988.1,2.81,2176,?,
682429.2,6989452.1,2.81,256,?,
637525.2,7013604.1,2.8,1216,?,
584541.2,7010364.1,2.8,2048,?,
659525.2,7008652.1,2.79,320,?,
682269.2,6989276.1,2.79,1600,?,
673829.2,7026428.1,2.78,960,?,
644149.2,7008204.1,2.78,7872,?,
685205.2,6990732.1,2.78,12096,?,
729989.2,7022572.1,2.77,896,?,
642813.2,7009244.1,2.77,7424,?,
637293.2,7014124.1,2.76,448,?,
651349.2,6949876.1,2.76,256,?,
671693.2,7029588.1,2.75,256,?,
684253.2,7025148.1,2.75,320,ponte,
692565.2,7020900.1,2.74,384,?,
635837.2,7007164.1,2.74,384,?,
596557.2,7003564.1,2.74,256,?,
636949.2,6965188.1,2.74,576,?,
684085.2,7023700.1,2.73,384,?,
687101.2,6991980.1,2.73,448,?,
729757.2,7020204.1,2.72,1024,?,
728805.2,7018772.1,2.72,512,?,
617061.2,6992348.1,2.72,1280,?,
646405.2,7006060.1,2.71,21760,?,
605845.2,6998060.1,2.71,7040,?,
620245.2,6990988.1,2.71,40064,?,
619725.2,6979860.1,2.71,256,?,
730085.2,7023244.1,2.7,448,?,
733077.2,7021292.1,2.7,2240,?,
620621.2,6990492.1,2.7,25024,?,
649573.2,7003916.1,2.69,16448,?,
606557.2,6997452.1,2.69,12672,?,
709805.2,7020204.1,2.68,448,?,
694157.2,6990444.1,2.68,256,?,
683693.2,6989844.1,2.68,448,ponte,
671509.2,7029180.1,2.67,576,?,
690277.2,7024644.1,2.67,1408,?,
729709.2,7023084.1,2.67,896,?,
690525.2,6990316.1,2.67,1344,?,
641597.2,7009036.1,2.66,1088,?,
648397.2,7005684.1,2.66,10880,?,
644949.2,6997156.1,2.66,384,?,
637605.2,6968212.1,2.66,768,represa,CGH Aguas Negras - CGH Águas Negras
630373.2,6986100.1,2.65,1344,?,
654573.2,6939572.1,2.65,3520,?,
671405.2,7029308.1,2.64,1024,?,
635021.2,7019228.1,2.64,256,?,
610309.2,6995676.1,2.64,256,?,
734589.2,7025364.1,2.63,256,?,
729621.2,7023196.1,2.63,704,?,
593069.2,7001828.1,2.63,832,?,
636165.2,6976708.1,2.63,19712,?,
652133.2,6948972.1,2.63,5056,?,
637317.2,7014060.1,2.62,256,ponte,
608213.2,6996436.1,2.62,448,?,
649701.2,7003948.1,2.61,1856,?,
729949.2,7022132.1,2.6,256,?,
633661.2,6980316.1,2.6,2304,?,
729661.2,7023068.1,2.59,768,?,
719645.2,7016532.1,2.59,640,?,
681741.2,6989364.1,2.59,768,?,
622853.2,6981796.1,2.59,5184,?,
706805.2,7021940.1,2.58,448,?,
622157.2,6980956.1,2.58,5632,ponte,
588317.2,7007468.1,2.57,2176,?,
734605.2,7025404.1,2.56,576,?,
715685.2,7022980.1,2.56,256,?,
654757.2,7004460.1,2.56,640,?,
696317.2,6996052.1,2.56,576,?,
671029.2,7031572.1,2.55,256,?,
672757.2,7028204.1,2.55,768,?,
728405.2,7018972.1,2.55,2240,?,
640173.2,7009996.1,2.55,21248,?,
712165.2,7008100.1,2.55,1408,ponte,
696437.2,6993868.1,2.55,320,?,
722797.2,7027540.1,2.54,384,?,
716069.2,7023692.1,2.54,256,?,
644605.2,7007364.1,2.54,23616,?,
593845.2,6992436.1,2.54,2368,?,
605853.2,6998292.1,2.53,8768,?,
621453.2,6990076.1,2.53,21632,?,
684477.2,7025332.1,2.52,256,?,
684125.2,7023732.1,2.52,640,?,
644445.2,7009652.1,2.52,320,?,
645229.2,7006300.1,2.52,10048,?,
620325.2,6980300.1,2.52,640,?,
636733.2,6965132.1,2.52,448,?,
646037.2,6954740.1,2.52,2432,?,
687133.2,7025252.1,2.51,384,?,
728645.2,7018884.1,2.51,4864,?,
719509.2,7016380.1,2.51,448,?,
642453.2,7008492.1,2.51,256,?,
689901.2,7025836.1,2.5,1728,?,
729869.2,7020092.1,2.5,2176,?,
587725.2,7007988.1,2.5,256,?,
653565.2,7003548.1,2.5,448,?,
722949.2,7027500.1,2.49,320,?,
652925.2,6943716.1,2.49,640,?,
729357.2,7019788.1,2.47,1088,?,
650653.2,6950100.1,2.46,320,?,
640957.2,7009756.1,2.45,26752,?,
659669.2,7009140.1,2.45,5248,?,
622277.2,6981356.1,2.45,832,?,
653941.2,6940892.1,2.45,1408,?,
645405.2,7006036.1,2.44,2368,?,
647325.2,7003676.1,2.44,320,?,
635405.2,6989916.1,2.44,640,?,
621685.2,6980860.1,2.44,1024,?,
637021.2,6972700.1,2.44,1152,?,
729797.2,7019892.1,2.43,768,?,
623909.2,6982396.1,2.43,4736,?,
617493.2,6974476.1,2.43,256,?,
659317.2,7008636.1,2.42,7744,?,
690277.2,6990500.1,2.42,256,?,
694237.2,7022452.1,2.4,256,?,
729965.2,7020700.1,2.4,832,?,
729509.2,7019932.1,2.4,256,?,
641869.2,7008860.1,2.4,320,?,
647893.2,7001972.1,2.4,704,?,
649357.2,6951764.1,2.4,1792,?,
677669.2,7025852.1,2.39,576,?,
660541.2,7010060.1,2.39,512,?,
641437.2,7009628.1,2.39,9408,represa,CGH Mafrás - PCH Mafras
708893.2,7003716.1,2.39,576,?,
640757.2,6957836.1,2.39,1216,?,
616125.2,6971460.1,2.38,1216,?,
581765.2,7017612.1,2.37,256,?,
637461.2,7013588.1,2.37,320,?,
645645.2,6997700.1,2.37,1216,?,
638245.2,6969380.1,2.37,320,?,
652957.2,6943628.1,2.37,11968,?,
731909.2,7022412.1,2.36,1664,?,
729517.2,7020388.1,2.36,2816,?,
622717.2,6981372.1,2.36,1024,?,
684957.2,7024324.1,2.35,960,?,
660925.2,7012132.1,2.35,448,?,
695973.2,6994228.1,2.35,576,?,
674477.2,7025924.1,2.34,256,?,
642805.2,7008916.1,2.34,448,?,
698685.2,6995844.1,2.34,256,?,
619485.2,6979756.1,2.33,640,?,
637557.2,6967508.1,2.33,256,?,
729949.2,7020684.1,2.32,320,?,
649397.2,6951716.1,2.32,1280,?,
652901.2,6948636.1,2.32,320,?,
593045.2,7001700.1,2.31,384,?,
727597.2,7025836.1,2.3,256,?,
645189.2,6997684.1,2.3,3456,?,
697141.2,6996220.1,2.3,256,?,
644237.2,7009292.1,2.29,256,?,
655573.2,7004436.1,2.29,3136,?,
682829.2,6989404.1,2.29,6080,?,
649405.2,6951692.1,2.29,256,?,
729453.2,7019084.1,2.28,448,?,
663229.2,7006548.1,2.28,448,?,
594669.2,7002668.1,2.28,256,?,
652829.2,7001836.1,2.28,46336,?,
718741.2,7026092.1,2.27,384,?,
729909.2,7019876.1,2.27,1216,?,
583605.2,7011428.1,2.27,320,?,
586429.2,7009156.1,2.27,576,represa,PCH Passo Manso - Passo Manso
640197.2,6960196.1,2.27,320,?,
650173.2,6949436.1,2.27,704,?,
689861.2,7026044.1,2.26,2048,?,
660885.2,7012804.1,2.26,320,?,
684909.2,6990420.1,2.26,320,ponte,
637645.2,6965444.1,2.26,576,?,
645685.2,6997604.1,2.25,5440,?,
643565.2,6955916.1,2.25,256,?,
729773.2,7023172.1,2.24,960,?,
661005.2,7012524.1,2.24,1472,?,
643637.2,7010260.1,2.23,832,?,
726389.2,7025220.1,2.22,18880,?,
682749.2,6989404.1,2.22,512,?,
647925.2,6953956.1,2.22,1664,?,
659141.2,7007580.1,2.21,4992,?,
728677.2,7019020.1,2.2,1408,?,
644189.2,7008020.1,2.2,256,?,
607421.2,6997092.1,2.2,23872,?,
725693.2,7026324.1,2.19,832,?,
674701.2,7023884.1,2.19,4544,?,
729237.2,7018988.1,2.19,960,?,
608725.2,6997172.1,2.19,5376,?,
608749.2,6996524.1,2.19,3520,?,
622621.2,6981668.1,2.18,1152,?,
730149.2,7022852.1,2.17,320,?,
709893.2,7005324.1,2.17,320,?,
594709.2,7002724.1,2.17,256,?,
650021.2,6949172.1,2.17,256,?,
672173.2,7021980.1,2.16,640,?,
729293.2,7019292.1,2.16,704,?,
631205.2,7024772.1,2.15,3136,?,
730461.2,7024572.1,2.15,3776,?,
663421.2,7017236.1,2.15,4992,?,
641141.2,7009308.1,2.15,256,?,
617253.2,6973972.1,2.15,256,?,
734677.2,7025844.1,2.14,256,?,
641501.2,7009116.1,2.14,7488,?,
648629.2,7005076.1,2.14,6720,?,
624229.2,6989764.1,2.14,1472,?,
619277.2,6979156.1,2.14,768,?,
652597.2,6949044.1,2.14,640,?,
734949.2,7027204.1,2.13,512,?,
690133.2,7024668.1,2.13,512,?,
714069.2,7009764.1,2.13,576,?,
644821.2,7006916.1,2.13,1344,?,
645765.2,6997740.1,2.13,1984,?,
734877.2,7020820.1,2.12,2240,?,
720213.2,7016740.1,2.12,256,?,
586101.2,7009532.1,2.12,2048,?,
654085.2,7004676.1,2.12,3648,?,
704557.2,6999164.1,2.12,640,?,
608717.2,6996708.1,2.12,3136,?,
617901.2,6991012.1,2.12,256,?,
622357.2,6981372.1,2.12,320,?,
707429.2,7021900.1,2.11,384,?,
721069.2,7016924.1,2.11,448,?,
606037.2,6998012.1,2.11,3200,?,
734973.2,7027300.1,2.1,512,?,
673741.2,7026420.1,2.1,256,?,
722157.2,7025172.1,2.1,768,?,
636365.2,6976404.1,2.1,256,?,
652541.2,6947076.1,2.1,256,ponte,
649173.2,7003972.1,2.09,14592,?,
646901.2,6999804.1,2.09,4992,?,
617165.2,6990436.1,2.09,832,?,
710893.2,7021212.1,2.08,23808,?,
594733.2,7002756.1,2.08,256,?,
643941.2,6993180.1,2.08,21504,?,
712701.2,7008372.1,2.07,2496,?,
635517.2,7006564.1,2.07,256,?,
606317.2,6996604.1,2.07,8256,?,
645429.2,6955172.1,2.07,2304,?,
729605.2,7019828.1,2.05,448,?,
643645.2,7010380.1,2.05,448,?,
646941.2,7000252.1,2.05,3392,?,
617045.2,6992516.1,2.05,576,?,
688125.2,6990852.1,2.05,384,?,
679557.2,6990100.1,2.05,384,?,
660325.2,7013308.1,2.04,1728,?,
699365.2,6995964.1,2.04,448,?,
637749.2,6967036.1,2.03,256,?,
727621.2,7025892.1,2.02,320,?,
729501.2,7019572.1,2.02,704,?,
624725.2,6988652.1,2.02,10496,?,
622613.2,6981532.1,2.02,1536,?,
644941.2,6955420.1,2.02,256,?,
671805.2,7028980.1,2.01,256,?,
671973.2,7028940.1,2.01,448,?,
638669.2,7008588.1,2.01,256,?,
654157.2,7004148.1,2.01,256,?,
646069.2,6954836.1,2.01,768,?,
651141.2,6950892.1,2.01,320,?,
722173.2,7024900.1,2.0,384,?,
711269.2,7021236.1,1.99,17856,?,
584581.2,7010564.1,1.98,2752,?,
659485.2,7008828.1,1.98,5504,?,
659373.2,7006004.1,1.98,10176,?,
646989.2,6997764.1,1.98,2176,?,
615109.2,6995108.1,1.98,1664,?,
652853.2,6948180.1,1.98,576,?,
729365.2,7019556.1,1.97,640,?,
645669.2,6955212.1,1.97,1728,?,
658197.2,6938708.1,1.97,1152,?,
635237.2,7010284.1,1.96,448,?,
622029.2,6990668.1,1.96,5440,?,
651005.2,6949900.1,1.96,320,?,
652965.2,6943804.1,1.96,512,?,
637581.2,7014484.1,1.95,4672,?,
660285.2,7009788.1,1.95,9280,?,
642877.2,7008884.1,1.95,448,?,
606677.2,6997772.1,1.95,3904,?,
687437.2,6991316.1,1.95,320,ponte,
638133.2,6966300.1,1.95,1280,?,
691941.2,7021588.1,1.94,256,?,
661037.2,7012452.1,1.94,640,?,
646877.2,6998404.1,1.94,10304,?,
685069.2,6990964.1,1.94,576,?,
633165.2,6982892.1,1.94,960,ponte,
582597.2,7011844.1,1.93,512,?,
734885.2,7026908.1,1.92,576,?,
732765.2,7022500.1,1.92,256,?,
702893.2,6996796.1,1.92,320,?,
660661.2,6936956.1,1.92,640,?,
671853.2,7030028.1,1.91,512,?,
734869.2,7026820.1,1.91,256,?,
734381.2,7021020.1,1.91,5184,?,
646181.2,6997956.1,1.91,2816,?,
685365.2,6991516.1,1.91,3008,?,
690229.2,6990452.1,1.91,384,ponte,
676989.2,6987364.1,1.91,448,?,
642493.2,6956892.1,1.91,3392,?,
646837.2,6954708.1,1.91,256,?,
631029.2,7024700.1,1.9,384,?,
710301.2,7020988.1,1.9,256,?,
687877.2,6991060.1,1.9,1152,?,
653005.2,6943892.1,1.9,384,?,
649877.2,7003860.1,1.89,512,?,
652893.2,7003260.1,1.89,256,?,
581885.2,7018028.1,1.88,384,?,
659101.2,7008492.1,1.88,4928,?,
587677.2,7008020.1,1.88,960,?,
655797.2,7004316.1,1.88,1792,?,
619469.2,6979540.1,1.88,256,ponte,
691797.2,7022276.1,1.87,384,?,
734253.2,7021172.1,1.87,6016,?,
729245.2,7019996.1,1.87,384,?,
702173.2,6997676.1,1.87,576,?,
607941.2,6996940.1,1.87,448,?,
685501.2,6991180.1,1.87,576,?,
617661.2,6990988.1,1.87,640,?,
676989.2,7025876.1,1.86,384,?,
677373.2,7025828.1,1.86,512,?,
685461.2,7024332.1,1.86,12736,?,
670725.2,7020924.1,1.86,256,?,
663357.2,7017388.1,1.86,2688,?,
642885.2,7009140.1,1.86,384,?,
647277.2,7000580.1,1.86,2112,?,
608749.2,6997844.1,1.86,3008,?,
684757.2,6990148.1,1.86,2752,?,
646413.2,6954532.1,1.86,1152,ponte,
731989.2,7022828.1,1.85,256,?,
711533.2,7021612.1,1.85,256,?,
685053.2,6990780.1,1.85,704,?,
616693.2,6990612.1,1.85,2816,?,
684069.2,6990180.1,1.85,256,?,
672701.2,7028212.1,1.84,256,?,
640381.2,7008876.1,1.84,512,?,
690365.2,7024452.1,1.83,256,?,
645389.2,7006156.1,1.83,6976,?,
636245.2,6989916.1,1.83,35136,?,
651661.2,6949588.1,1.83,2688,?,
684181.2,7023740.1,1.82,256,?,
640461.2,6991916.1,1.82,1792,ponte,
636349.2,6989996.1,1.82,2048,?,
684709.2,7024844.1,1.81,320,ponte,
670733.2,7020988.1,1.81,256,?,
728797.2,7018716.1,1.81,320,ponte,
654677.2,7004596.1,1.81,384,?,
648749.2,7003540.1,1.81,2688,?,
729277.2,7019852.1,1.8,704,?,
593013.2,7001908.1,1.8,384,?,
615717.2,6988716.1,1.8,2816,?,
628381.2,6984772.1,1.8,320,?,
627861.2,6984436.1,1.8,1216,?,
618709.2,6975868.1,1.8,960,?,
725765.2,7026572.1,1.79,384,?,
661213.2,7011044.1,1.79,4672,?,
606453.2,6996460.1,1.79,3904,ponte,
734877.2,7026860.1,1.78,320,?,
682509.2,6989492.1,1.78,1088,?,
729669.2,7020276.1,1.77,384,?,
719677.2,7016596.1,1.77,256,?,
660429.2,7013252.1,1.77,384,?,
663653.2,7006244.1,1.77,256,?,
674893.2,6986436.1,1.77,256,?,
722429.2,7026468.1,1.76,256,?,
684565.2,7023748.1,1.76,3776,?,
733629.2,7021652.1,1.76,256,?,
729365.2,7019764.1,1.76,576,?,
617557.2,6991252.1,1.76,3200,?,
634133.2,6979676.1,1.76,4480,?,
637589.2,6967404.1,1.76,384,ponte,
722165.2,7025020.1,1.75,576,?,
684589.2,7023532.1,1.75,640,?,
644493.2,7009596.1,1.75,4288,?,
645077.2,7006852.1,1.75,960,?,
652853.2,6943252.1,1.75,320,?,
620333.2,6991340.1,1.74,256,?,
652789.2,6948668.1,1.74,1408,?,
729229.2,7019956.1,1.73,512,?,
617365.2,6991036.1,1.73,832,?,
684997.2,6990892.1,1.73,384,?,
644997.2,6955108.1,1.73,512,?,
673373.2,7023388.1,1.72,256,?,
729325.2,7019148.1,1.72,896,?,
583381.2,7011532.1,1.72,576,represa,
687653.2,6991196.1,1.72,256,?,
637037.2,6972460.1,1.72,256,?,
631173.2,7024844.1,1.71,1024,?,
699261.2,7023916.1,1.71,256,?,
643629.2,7010292.1,1.71,320,?,
712869.2,7008580.1,1.71,2816,?,
658821.2,6938108.1,1.71,256,?,
671525.2,7029092.1,1.7,256,?,
707621.2,7003004.1,1.7,320,?,
617693.2,6991068.1,1.7,3328,?,
733981.2,7021292.1,1.69,2688,?,
678429.2,6989340.1,1.69,256,?,
631941.2,7024676.1,1.68,2368,?,
711317.2,7021428.1,1.68,256,?,
729957.2,7019956.1,1.68,256,?,
728701.2,7018964.1,1.68,832,?,
641925.2,7008876.1,1.68,768,?,
644085.2,7008860.1,1.68,4416,?,
646589.2,7006236.1,1.68,2624,?,
690301.2,6990492.1,1.68,512,?,
633829.2,6989068.1,1.68,512,?,
633773.2,6981460.1,1.68,896,?,
678885.2,7024660.1,1.67,448,?,
584277.2,7011052.1,1.67,704,?,
590869.2,7004684.1,1.67,384,?,
608949.2,6997860.1,1.67,1280,?,
691997.2,6990852.1,1.67,512,?,
704637.2,7021804.1,1.66,4416,?,
692989.2,7021788.1,1.66,1280,?,
668517.2,7031588.1,1.65,256,?,
687517.2,7025324.1,1.65,1536,?,
690125.2,7024684.1,1.65,576,?,
646933.2,6998516.1,1.65,19904,?,
633157.2,6983300.1,1.65,8256,?,
625085.2,6982516.1,1.65,832,?,
727725.2,7026092.1,1.64,256,?,
692997.2,7021852.1,1.64,1024,?,
655765.2,7004508.1,1.64,256,?,
633773.2,6980012.1,1.64,2304,?,
734053.2,7022292.1,1.63,256,ponte,
729797.2,7020148.1,1.63,512,?,
675797.2,6986660.1,1.63,256,?,
640933.2,6957444.1,1.63,960,?,
711357.2,7007540.1,1.62,384,?,
652861.2,7003100.1,1.62,2432,?,
652917.2,7001516.1,1.62,6080,?,
658701.2,7008260.1,1.61,4224,?,
711333.2,7007500.1,1.61,576,?,
652533.2,7001540.1,1.61,3008,?,
608741.2,6997548.1,1.61,5824,?,
677269.2,7025836.1,1.6,256,?,
729493.2,7024652.1,1.6,640,?,
660629.2,7013004.1,1.6,7936,?,
584853.2,7010292.1,1.6,320,?,
729565.2,7020068.1,1.59,320,?,
642861.2,7008916.1,1.59,832,?,
640421.2,6962012.1,1.59,256,?,
660061.2,6937532.1,1.59,384,?,
672125.2,7028916.1,1.58,512,?,
729341.2,7019468.1,1.58,320,?,
721365.2,7017100.1,1.58,320,?,
644165.2,7009076.1,1.58,3968,?,
693589.2,6990228.1,1.58,256,?,
637773.2,7014596.1,1.57,3904,?,
612893.2,6994900.1,1.57,6272,?,
646653.2,6954636.1,1.57,2432,?,
649413.2,6951652.1,1.57,576,?,
683061.2,7024516.1,1.56,23232,?,
713453.2,7009780.1,1.56,640,?,
622973.2,6981916.1,1.56,576,?,
674445.2,7025924.1,1.55,256,?,
677069.2,7025900.1,1.55,384,?,
663077.2,7017580.1,1.55,63616,?,
607829.2,6996660.1,1.55,2176,?,
606565.2,6996380.1,1.55,1856,?,
672733.2,7028292.1,1.54,640,?,
676973.2,7026084.1,1.54,256,?,
733485.2,7020364.1,1.54,832,?,
721277.2,7017100.1,1.54,256,?,
712021.2,7008084.1,1.54,320,?,
659421.2,7006084.1,1.54,320,?,
647813.2,7006292.1,1.53,4160,?,
622941.2,6981868.1,1.53,256,?,
638077.2,6969388.1,1.53,448,?,
688917.2,7025700.1,1.52,448,?,
684789.2,7024028.1,1.52,320,?,
734141.2,7022852.1,1.52,256,ponte,
731829.2,7022444.1,1.52,448,?,
670357.2,7019668.1,1.52,320,?,
721029.2,7016876.1,1.52,256,?,
633837.2,6988844.1,1.52,1792,?,
636501.2,6975636.1,1.52,320,?,
647277.2,6954428.1,1.52,448,?,
652813.2,6948868.1,1.52,256,?,
687557.2,7025636.1,1.51,2688,?,
729381.2,7019684.1,1.51,576,?,
663765.2,7004940.1,1.51,640,?,
607709.2,6996780.1,1.51,5056,?,
635029.2,6989884.1,1.51,3840,?,
582597.2,7015556.1,1.5,512,?,
647301.2,7003484.1,1.5,1152,?,
646061.2,6997836.1,1.5,256,?,
593653.2,6993348.1,1.5,384,?,
663293.2,7017364.1,1.49,896,?,
587757.2,7007684.1,1.49,384,?,
687621.2,6991484.1,1.49,320,?,
617829.2,6975028.1,1.49,320,ponte,
672101.2,7028868.1,1.48,512,?,
724901.2,7028820.1,1.48,320,?,
683725.2,7023596.1,1.48,2112,?,
670749.2,7021172.1,1.48,1408,?,
646293.2,6997924.1,1.48,3584,?,
621829.2,6980964.1,1.48,320,?,
637213.2,6965340.1,1.48,256,?,
672677.2,7028164.1,1.47,448,?,
663309.2,7017468.1,1.47,1152,?,
587829.2,7007548.1,1.47,256,?,
587981.2,7007540.1,1.47,384,ponte,
645901.2,6997828.1,1.47,640,?,
605989.2,6997180.1,1.47,2432,?,
617413.2,6991124.1,1.47,512,?,
635637.2,6989868.1,1.47,2624,?,
647197.2,6954436.1,1.47,448,?,
734845.2,7026652.1,1.46,832,?,
690397.2,7024244.1,1.46,896,?,
734109.2,7022644.1,1.46,256,?,
733549.2,7020452.1,1.46,320,?,
622957.2,6981908.1,1.46,320,?,
672037.2,7028884.1,1.45,448,?,
728485.2,7026732.1,1.45,256,?,
691253.2,7023308.1,1.45,256,?,
670413.2,7019868.1,1.45,256,?,
660045.2,7009556.1,1.45,2240,?,
614829.2,6994612.1,1.45,1344,?,
639333.2,6992556.1,1.45,320,?,
688485.2,6991732.1,1.45,448,?,
634181.2,6979684.1,1.45,320,?,
663165.2,7017524.1,1.44,2048,?,
648453.2,7000548.1,1.44,960,?,
681613.2,6989428.1,1.44,256,?,
615949.2,6988788.1,1.44,640,?,
623141.2,6981796.1,1.44,256,?,
677045.2,7025772.1,1.43,384,?,
684309.2,7025220.1,1.43,256,?,
673565.2,7023260.1,1.43,2432,?,
646885.2,7000148.1,1.43,2112,?,
696157.2,6994164.1,1.43,256,?,
617877.2,6991036.1,1.43,1728,?,
623461.2,6982092.1,1.43,1728,?,
631085.2,7024724.1,1.42,1344,?,
729381.2,7019108.1,1.42,256,?,
655021.2,7004236.1,1.42,2304,?,
616773.2,6993588.1,1.42,2112,?,
635869.2,6989860.1,1.42,832,?,
622997.2,6981988.1,1.42,1472,?,
635021.2,6978804.1,1.42,1088,?,
717965.2,7027260.1,1.41,256,?,
729405.2,7020204.1,1.4,640,?,
729229.2,7018924.1,1.4,256,?,
661021.2,7011308.1,1.4,256,?,
652925.2,7001676.1,1.4,256,?,
633117.2,6982580.1,1.4,5184,?,
646845.2,7003724.1,1.39,576,?,
608149.2,6996564.1,1.39,1280,?,
652789.2,6948812.1,1.39,1216,?,
671525.2,7031756.1,1.38,576,ponte,
643101.2,7010284.1,1.38,1344,?,
652629.2,7001476.1,1.38,4544,?,
617781.2,6991164.1,1.38,512,?,
672821.2,7028300.1,1.37,640,?,
680965.2,6989588.1,1.37,320,?,
681669.2,6989412.1,1.37,256,?,
734101.2,7021228.1,1.36,3136,?,
582173.2,7014004.1,1.36,512,?,
664845.2,7004756.1,1.36,256,?,
605973.2,6997076.1,1.36,1024,?,
633749.2,6988588.1,1.36,448,ponte,
622349.2,6981348.1,1.36,320,?,
654157.2,6941348.1,1.36,640,?,
633317.2,6984612.1,1.35,1280,?,
633109.2,6982676.1,1.35,1024,?,
638173.2,6966228.1,1.35,320,?,
652789.2,6948916.1,1.35,704,?,
734685.2,7025876.1,1.34,256,?,
641733.2,7008948.1,1.34,2112,?,
659557.2,7006660.1,1.34,3008,?,
646997.2,7000020.1,1.34,512,?,
633765.2,6981524.1,1.34,384,?,
635133.2,7019148.1,1.33,320,?,
646677.2,6997668.1,1.33,1856,?,
607989.2,6996780.1,1.33,5440,?,
691981.2,6990732.1,1.33,320,?,
624989.2,6982428.1,1.33,1216,?,
647325.2,6954444.1,1.33,448,?,
671533.2,7029148.1,1.32,320,?,
690213.2,7024492.1,1.32,384,?,
711413.2,7021444.1,1.32,2176,?,
648925.2,7003732.1,1.32,2368,?,
675365.2,7024324.1,1.31,256,?,
674437.2,7023524.1,1.31,3200,?,
616693.2,6993956.1,1.31,1280,?,
633717.2,6980108.1,1.31,576,?,
661181.2,6936860.1,1.31,448,?,
648805.2,7004460.1,1.3,2880,?,
593637.2,6993364.1,1.3,640,?,
687605.2,6991108.1,1.3,256,?,
683245.2,6989804.1,1.3,512,?,
633173.2,6984452.1,1.3,256,?,
671589.2,7029492.1,1.29,256,?,
684565.2,7024212.1,1.29,448,?,
634093.2,6989492.1,1.29,2304,ponte,
633213.2,6984460.1,1.29,1088,?,
647781.2,6954260.1,1.29,1408,?,
633205.2,6983924.1,1.28,384,?,
633565.2,6980972.1,1.28,576,?,
722157.2,7025556.1,1.27,256,?,
635205.2,7010300.1,1.27,256,?,
659429.2,7006276.1,1.27,1664,?,
647149.2,7003788.1,1.27,448,?,
696589.2,6995060.1,1.27,384,?,
640293.2,6992340.1,1.27,832,?,
616397.2,6989772.1,1.27,1728,?,
653029.2,6946244.1,1.27,1792,?,
658605.2,6938244.1,1.27,256,?,
685037.2,7024292.1,1.26,10624,?,
673821.2,7023236.1,1.26,256,?,
733893.2,7021204.1,1.26,704,?,
660485.2,7009948.1,1.26,1792,?,
609021.2,6997756.1,1.26,960,?,
616997.2,6992508.1,1.26,448,?,
636285.2,6990588.1,1.26,320,?,
633013.2,6983508.1,1.26,1536,?,
637045.2,6972300.1,1.26,448,ponte,
733773.2,7021316.1,1.25,576,?,
646981.2,6999852.1,1.25,448,?,
646733.2,6998476.1,1.25,256,?,
636341.2,6990596.1,1.25,448,?,
622421.2,6981292.1,1.25,256,?,
633541.2,6980844.1,1.25,960,ponte,
636573.2,6975956.1,1.25,448,?,
670749.2,7021260.1,1.24,320,?,
585029.2,7010180.1,1.24,256,?,
660581.2,7010012.1,1.24,1472,?,
607941.2,6996452.1,1.24,1088,?,
633205.2,6982404.1,1.24,704,?,
646973.2,6954724.1,1.24,256,?,
652845.2,6948020.1,1.24,512,?,
635109.2,7019124.1,1.23,576,?,
659437.2,7006364.1,1.23,2304,?,
685469.2,6991180.1,1.23,256,?,
616061.2,6990316.1,1.23,320,?,
633053.2,6983476.1,1.23,1024,?,
686957.2,7025060.1,1.22,256,?,
676301.2,7024660.1,1.22,704,?,
734037.2,7022188.1,1.22,256,?,
635069.2,7019188.1,1.22,256,?,
645749.2,6997492.1,1.22,512,?,
646061.2,6954916.1,1.22,576,?,
658341.2,6938516.1,1.22,704,?,
687445.2,7025284.1,1.21,704,represa,
660989.2,7010020.1,1.21,1408,?,
622477.2,6981188.1,1.21,512,?,
671941.2,7028908.1,1.2,384,?,
687029.2,7024764.1,1.2,256,?,
734125.2,7022732.1,1.2,256,?,
591381.2,7004652.1,1.2,512,?,
653997.2,7004556.1,1.2,1152,?,
583165.2,7011524.1,1.19,448,represa,
616621.2,6993724.1,1.19,384,?,
646901.2,6998748.1,1.18,384,?,
633893.2,6988940.1,1.18,256,ponte,
618589.2,6975820.1,1.18,256,?,
651693.2,6949220.1,1.18,448,?,
671621.2,7029588.1,1.17,384,?,
677517.2,7025764.1,1.17,320,?,
635133.2,7019132.1,1.17,256,?,
585285.2,7009932.1,1.17,320,?,
647621.2,7002588.1,1.17,384,?,
683293.2,6989756.1,1.17,384,?,
681245.2,6989516.1,1.17,448,?,
624389.2,6989140.1,1.17,8064,?,
633253.2,6984516.1,1.17,1216,?,
633061.2,6983804.1,1.17,512,?,
640005.2,6959364.1,1.17,832,ponte,
649045.2,6952260.1,1.17,320,?,
645245.2,7006172.1,1.16,256,?,
696077.2,6996012.1,1.16,448,?,
633893.2,6988868.1,1.16,256,ponte,
625045.2,6988756.1,1.16,448,?,
671773.2,7032340.1,1.15,256,?,
674669.2,7023748.1,1.15,832,?,
728517.2,7018980.1,1.15,256,?,
615893.2,6988788.1,1.15,320,?,
633325.2,6982276.1,1.15,576,?,
640773.2,6957676.1,1.15,320,?,
644965.2,6955412.1,1.15,448,?,
672045.2,7028924.1,1.14,256,?,
672197.2,7028900.1,1.14,256,?,
679741.2,7024764.1,1.14,3776,?,
669533.2,7017708.1,1.14,256,?,
644037.2,7008644.1,1.14,1280,?,
704613.2,7000268.1,1.14,256,?,
689469.2,7025884.1,1.13,384,?,
606109.2,6997924.1,1.13,640,?,
625125.2,6988796.1,1.13,384,?,
656509.2,6939004.1,1.13,256,?,
635093.2,7019164.1,1.12,256,?,
655269.2,7004164.1,1.12,256,?,
633197.2,6983004.1,1.12,320,?,
633133.2,6982844.1,1.12,512,?,
633709.2,6981316.1,1.12,512,?,
654677.2,7004532.1,1.11,448,?,
653093.2,7003364.1,1.11,704,?,
633077.2,6983420.1,1.11,320,?,
633341.2,6982228.1,1.11,320,?,
651629.2,6949364.1,1.11,256,?,
728149.2,7018956.1,1.1,256,ponte,
617813.2,6991044.1,1.1,320,?,
634709.2,6989868.1,1.1,704,?,
633509.2,6985164.1,1.1,384,?,
648645.2,7000692.1,1.09,320,?,
608021.2,6996308.1,1.09,640,?,
624365.2,6989228.1,1.09,384,?,
633085.2,6983844.1,1.09,256,?,
671853.2,7030644.1,1.08,256,?,
683725.2,7023708.1,1.08,320,?,
632957.2,6983764.1,1.08,512,?,
637037.2,6972620.1,1.08,256,?,
677853.2,7025012.1,1.07,256,?,
664517.2,7005004.1,1.07,320,?,
647005.2,7000316.1,1.07,384,?,
671845.2,7030492.1,1.06,256,?,
686893.2,7024892.1,1.06,704,represa,PCH Salto (Salto Weissbach) - Barragem IV
690565.2,7024100.1,1.06,2880,?,
670405.2,7019820.1,1.06,256,?,
646797.2,6997692.1,1.06,256,represa,UHE Salto Pilão - Vertedouro
633877.2,6988900.1,1.06,256,ponte,
671837.2,7030412.1,1.05,384,ponte,
671837.2,7030180.1,1.05,768,?,
671813.2,7029780.1,1.05,256,?,
677021.2,7025972.1,1.05,384,?,
625069.2,6988780.1,1.05,448,?,
625021.2,6988780.1,1.05,384,?,
669821.2,7017980.1,1.04,256,?,
606749.2,6997716.1,1.04,256,?,
624357.2,6989380.1,1.04,256,?,
706365.2,7000636.1,1.03,256,?,
696221.2,6994924.1,1.03,384,?,
633125.2,6982796.1,1.03,256,?,
726213.2,7025340.1,1.02,320,?,
690661.2,7023980.1,1.02,384,?,
726269.2,7025372.1,1.01,256,?,
693381.2,6991380.1,1.01,448,?,
