folha,frac_invalida,frac_miolo,colar_px,dif_mediana,dif_p95,classe,doente
MDT_SG-22-Z-A-II-4-NE-A.tif,0.01391,0.00341,0,802.62,67.8,fora_de_nivel,1
MDT_SG-22-Z-A-II-4-NE-B.tif,0.01548,0.00444,0,867.38,71.35,fora_de_nivel,1
MDT_SG-22-Z-A-II-4-NE-C.tif,0.01399,0.00343,0,802.55,49.74,fora_de_nivel,1
MDT_SG-22-Z-A-II-4-NE-D.tif,0.01551,0.00448,0,871.49,63.0,fora_de_nivel,1
MDT_SG-22-Z-A-II-4-NE-E.tif,0.01406,0.00347,0,802.24,30.24,fora_de_nivel,1
MDT_SG-22-Z-A-II-4-NE-F.tif,0.01578,0.00464,0,834.63,64.16,fora_de_nivel,1
MDT_SG-22-Z-A-II-4-NO-A.tif,0.01207,0.00215,0,803.94,35.18,fora_de_nivel,1
MDT_SG-22-Z-A-II-4-NO-B.tif,0.01314,0.00284,0,795.89,40.04,fora_de_nivel,1
MDT_SG-22-Z-A-II-4-NO-C.tif,0.01215,0.0022,0,806.12,31.46,fora_de_nivel,1
MDT_SG-22-Z-A-II-4-NO-D.tif,0.01306,0.00283,0,816.56,33.74,fora_de_nivel,1
MDT_SG-22-Z-A-II-4-NO-E.tif,0.01223,0.00221,0,805.85,35.43,fora_de_nivel,1
MDT_SG-22-Z-A-II-4-NO-F.tif,0.01308,0.00283,0,823.3,35.93,fora_de_nivel,1
MDT_SG-22-Z-A-II-4-SE-A.tif,0.01412,0.00353,0,831.76,54.79,fora_de_nivel,1
MDT_SG-22-Z-A-II-4-SE-B.tif,0.01568,0.00457,0,827.02,67.53,fora_de_nivel,1
MDT_SG-22-Z-A-II-4-SE-C.tif,0.01412,0.00352,0,878.22,70.68,fora_de_nivel,1
MDT_SG-22-Z-A-II-4-SE-D.tif,0.01586,0.00466,0,854.27,130.56,fora_de_nivel,1
MDT_SG-22-Z-A-II-4-SE-E.tif,0.04036,0.02906,0,710.13,796.27,fora_de_nivel,1
MDT_SG-22-Z-A-II-4-SE-F.tif,0.01571,0.00458,0,648.88,731.45,fora_de_nivel,1
MDT_SG-22-Z-A-II-4-SO-A.tif,0.01223,0.00221,0,804.47,130.01,fora_de_nivel,1
MDT_SG-22-Z-A-II-4-SO-B.tif,0.01307,0.00283,0,822.56,156.01,fora_de_nivel,1
MDT_SG-22-Z-A-II-4-SO-C.tif,0.01208,0.00215,0,780.92,169.38,fora_de_nivel,1
MDT_SG-22-Z-A-II-4-SO-D.tif,0.01315,0.00285,0,793.18,193.88,fora_de_nivel,1
MDT_SG-22-Z-A-II-4-SO-E.tif,0.0123,0.00225,0,736.34,719.81,fora_de_nivel,1
MDT_SG-22-Z-A-II-4-SO-F.tif,0.01341,0.00298,0,614.14,828.8,fora_de_nivel,1
MDT_SG-22-Z-A-III-3-NE-A.tif,0.01816,0.00681,0,864.29,69.63,fora_de_nivel,1
MDT_SG-22-Z-A-III-3-NE-B.tif,0.01897,0.00756,0,822.26,45.67,fora_de_nivel,1
MDT_SG-22-Z-A-III-3-NE-C.tif,0.01792,0.00666,0,887.09,57.45,fora_de_nivel,1
MDT_SG-22-Z-A-III-3-NE-D.tif,0.01905,0.00759,0,868.86,90.55,fora_de_nivel,1
MDT_SG-22-Z-A-III-3-NE-E.tif,0.01803,0.00675,0,903.12,45.04,fora_de_nivel,1
MDT_SG-22-Z-A-III-3-NE-F.tif,0.01905,0.00759,0,921.27,62.33,fora_de_nivel,1
MDT_SG-22-Z-A-III-3-NO-A.tif,0.01621,0.00514,0,893.71,45.91,fora_de_nivel,1
MDT_SG-22-Z-A-III-3-NO-B.tif,0.01706,0.00589,0,896.85,60.61,fora_de_nivel,1
MDT_SG-22-Z-A-III-3-NO-C.tif,0.01622,0.00515,0,905.05,60.32,fora_de_nivel,1
MDT_SG-22-Z-A-III-3-NO-D.tif,0.01695,0.00585,0,899.81,52.25,fora_de_nivel,1
MDT_SG-22-Z-A-III-3-NO-E.tif,0.01614,0.00512,0,885.88,68.82,fora_de_nivel,1
MDT_SG-22-Z-A-III-3-NO-F.tif,0.0172,0.006,0,920.82,49.75,fora_de_nivel,1
MDT_SG-22-Z-A-III-3-SE-A.tif,0.0181,0.0068,0,897.49,44.38,fora_de_nivel,1
MDT_SG-22-Z-A-III-3-SE-B.tif,0.01914,0.00766,0,930.6,42.65,fora_de_nivel,1
MDT_SG-22-Z-A-III-3-SE-C.tif,0.018,0.00673,0,930.63,51.58,fora_de_nivel,1
MDT_SG-22-Z-A-III-3-SE-D.tif,0.01919,0.0077,0,935.71,53.21,fora_de_nivel,1
MDT_SG-22-Z-A-III-3-SE-E.tif,0.01817,0.00681,0,914.72,936.08,fora_de_nivel,1
MDT_SG-22-Z-A-III-3-SE-F.tif,0.01925,0.00775,0,891.83,935.36,fora_de_nivel,1
MDT_SG-22-Z-A-III-3-SO-A.tif,0.01603,0.00509,0,866.83,54.06,fora_de_nivel,1
MDT_SG-22-Z-A-III-3-SO-B.tif,0.0172,0.006,0,920.91,58.83,fora_de_nivel,1
MDT_SG-22-Z-A-III-3-SO-C.tif,0.01613,0.00517,0,858.67,59.93,fora_de_nivel,1
MDT_SG-22-Z-A-III-3-SO-D.tif,0.0172,0.006,0,911.86,49.98,fora_de_nivel,1
MDT_SG-22-Z-A-III-3-SO-E.tif,0.01628,0.00524,0,716.29,906.5,fora_de_nivel,1
MDT_SG-22-Z-A-III-3-SO-F.tif,0.01706,0.00593,0,785.24,887.61,fora_de_nivel,1
MDT_SG-22-Z-A-III-4-NE-A.tif,0.02203,0.01025,0,835.87,64.2,fora_de_nivel,1
MDT_SG-22-Z-A-III-4-NE-B.tif,0.02303,0.01113,0,820.64,48.18,fora_de_nivel,1
MDT_SG-22-Z-A-III-4-NE-C.tif,0.02202,0.01024,0,844.28,66.29,fora_de_nivel,1
MDT_SG-22-Z-A-III-4-NE-D.tif,0.02318,0.01127,0,870.82,69.58,fora_de_nivel,1
MDT_SG-22-Z-A-III-4-NE-E.tif,0.02193,0.01019,0,856.16,61.89,fora_de_nivel,1
MDT_SG-22-Z-A-III-4-NE-F.tif,0.02301,0.01115,0,898.44,81.91,fora_de_nivel,1
MDT_SG-22-Z-A-III-4-NO-A.tif,0.02025,0.0086,0,841.5,47.82,fora_de_nivel,1
MDT_SG-22-Z-A-III-4-NO-B.tif,0.02114,0.0094,0,873.33,70.59,fora_de_nivel,1
MDT_SG-22-Z-A-III-4-NO-C.tif,0.02009,0.00851,0,851.85,52.58,fora_de_nivel,1
MDT_SG-22-Z-A-III-4-NO-D.tif,0.02115,0.00941,0,851.52,48.74,fora_de_nivel,1
MDT_SG-22-Z-A-III-4-NO-E.tif,0.0201,0.00851,0,901.67,67.1,fora_de_nivel,1
MDT_SG-22-Z-A-III-4-NO-F.tif,0.02115,0.00941,0,848.7,73.13,fora_de_nivel,1
MDT_SG-22-Z-A-III-4-SE-A.tif,0.02202,0.01023,0,844.2,89.26,fora_de_nivel,1
MDT_SG-22-Z-A-III-4-SE-B.tif,0.02301,0.01115,0,909.44,62.95,fora_de_nivel,1
MDT_SG-22-Z-A-III-4-SE-C.tif,0.02209,0.01029,0,865.53,83.04,fora_de_nivel,1
MDT_SG-22-Z-A-III-4-SE-D.tif,0.02302,0.01115,0,898.86,58.89,fora_de_nivel,1
MDT_SG-22-Z-A-III-4-SE-E.tif,0.02202,0.01027,0,873.76,940.96,fora_de_nivel,1
MDT_SG-22-Z-A-III-4-SE-F.tif,0.02311,0.01124,0,844.47,947.03,fora_de_nivel,1
MDT_SG-22-Z-A-III-4-SO-A.tif,0.0201,0.00851,0,905.85,50.84,fora_de_nivel,1
MDT_SG-22-Z-A-III-4-SO-B.tif,0.021,0.00934,0,901.93,86.23,fora_de_nivel,1
MDT_SG-22-Z-A-III-4-SO-C.tif,0.02026,0.00861,0,893.14,69.49,fora_de_nivel,1
MDT_SG-22-Z-A-III-4-SO-D.tif,0.02106,0.00938,0,925.38,41.4,fora_de_nivel,1
MDT_SG-22-Z-A-III-4-SO-E.tif,0.02041,0.0087,0,905.18,973.21,fora_de_nivel,1
MDT_SG-22-Z-A-III-4-SO-F.tif,0.02106,0.0094,0,918.67,932.62,fora_de_nivel,1
MDT_SG-22-Z-A-V-2-NE-A.tif,0.01428,0.00359,0,-34.07,146.28,fora_de_nivel,1
MDT_SG-22-Z-A-V-2-NE-B.tif,0.01563,0.00462,0,-12.09,236.0,furada,1
MDT_SG-22-Z-A-V-2-NE-C.tif,0.01428,0.00359,0,-57.23,155.2,fora_de_nivel,1
MDT_SG-22-Z-A-V-2-NE-D.tif,0.01563,0.00462,0,16.52,210.51,fora_de_nivel,1
MDT_SG-22-Z-A-V-2-NE-E.tif,0.01403,0.00349,0,-52.0,153.75,fora_de_nivel,1
MDT_SG-22-Z-A-V-2-NE-F.tif,0.01564,0.00462,0,-34.88,188.51,fora_de_nivel,1
MDT_SG-22-Z-A-V-2-NO-A.tif,0.01216,0.00219,0,116.25,173.68,fora_de_nivel,1
MDT_SG-22-Z-A-V-2-NO-B.tif,0.01341,0.00298,0,-6.15,151.53,furada,1
MDT_SG-22-Z-A-V-2-NO-C.tif,0.01245,0.00231,0,104.01,190.53,fora_de_nivel,1
MDT_SG-22-Z-A-V-2-NO-D.tif,0.01334,0.00297,0,17.85,202.4,fora_de_nivel,1
MDT_SG-22-Z-A-V-2-NO-E.tif,0.01245,0.00231,0,128.13,198.65,fora_de_nivel,1
MDT_SG-22-Z-A-V-2-NO-F.tif,0.01334,0.00297,0,4.05,129.51,furada,1
MDT_SG-22-Z-A-V-2-SE-A.tif,0.01413,0.00357,0,-46.77,103.65,fora_de_nivel,1
MDT_SG-22-Z-A-V-2-SE-B.tif,0.01574,0.00465,0,-49.98,74.35,fora_de_nivel,1
MDT_SG-22-Z-A-V-2-SE-C.tif,0.01421,0.00362,0,-52.52,114.95,fora_de_nivel,1
MDT_SG-22-Z-A-V-2-SE-D.tif,0.01583,0.00473,0,28.42,131.11,fora_de_nivel,1
MDT_SG-22-Z-A-V-2-SE-E.tif,0.01428,0.00363,0,-52.1,130.87,fora_de_nivel,1
MDT_SG-22-Z-A-V-2-SE-F.tif,0.01584,0.00473,0,32.83,180.78,fora_de_nivel,1
MDT_SG-22-Z-A-V-2-SO-A.tif,0.01232,0.00229,0,132.61,177.56,fora_de_nivel,1
MDT_SG-22-Z-A-V-2-SO-B.tif,0.01339,0.00299,0,3.07,114.81,furada,1
MDT_SG-22-Z-A-V-2-SO-C.tif,0.01238,0.0023,0,100.52,174.7,fora_de_nivel,1
MDT_SG-22-Z-A-V-2-SO-D.tif,0.01338,0.00299,0,9.14,141.25,furada,1
MDT_SG-22-Z-A-V-2-SO-E.tif,0.01238,0.0023,0,57.33,216.17,fora_de_nivel,1
MDT_SG-22-Z-A-V-2-SO-F.tif,0.01325,0.00294,0,52.36,196.71,fora_de_nivel,1
MDT_SG-22-Z-A-V-3-NE-A.tif,0.01036,0.00103,0,1127.17,1048.76,fora_de_nivel,1
MDT_SG-22-Z-A-V-3-NE-B.tif,0.01126,0.00152,0,-35.26,301.55,fora_de_nivel,1
MDT_SG-22-Z-A-V-3-NE-C.tif,0.01069,0.00115,0,1180.82,1224.96,fora_de_nivel,1
MDT_SG-22-Z-A-V-3-NE-D.tif,0.01148,0.00162,0,102.05,303.4,fora_de_nivel,1
MDT_SG-22-Z-A-V-3-NE-E.tif,0.01054,0.00108,0,1130.14,1206.2,fora_de_nivel,1
MDT_SG-22-Z-A-V-3-NE-F.tif,0.01136,0.00159,0,76.61,399.4,fora_de_nivel,1
MDT_SG-22-Z-A-V-3-NO-A.tif,0.00825,0.00021,0,1160.09,68.42,fora_de_nivel,1
MDT_SG-22-Z-A-V-3-NO-B.tif,0.00937,0.00061,0,1166.56,59.56,fora_de_nivel,1
MDT_SG-22-Z-A-V-3-NO-C.tif,0.00834,0.00021,0,1226.89,65.47,fora_de_nivel,1
MDT_SG-22-Z-A-V-3-NO-D.tif,0.00925,0.00061,0,1226.86,53.34,fora_de_nivel,1
MDT_SG-22-Z-A-V-3-NO-E.tif,0.00833,0.00023,0,1226.87,148.88,fora_de_nivel,1
MDT_SG-22-Z-A-V-3-NO-F.tif,0.00921,0.00061,0,1145.74,78.41,fora_de_nivel,1
MDT_SG-22-Z-A-V-3-SE-A.tif,0.01052,0.00108,0,1078.02,1170.09,fora_de_nivel,1
MDT_SG-22-Z-A-V-3-SE-B.tif,0.01139,0.00158,0,217.19,314.62,fora_de_nivel,1
MDT_SG-22-Z-A-V-3-SE-C.tif,0.01062,0.00114,0,1022.33,1110.68,fora_de_nivel,1
MDT_SG-22-Z-A-V-3-SE-D.tif,0.01122,0.00155,0,267.31,318.75,fora_de_nivel,1
MDT_SG-22-Z-A-V-3-SE-E.tif,0.0107,0.00114,0,1067.8,1144.66,fora_de_nivel,1
MDT_SG-22-Z-A-V-3-SE-F.tif,0.01122,0.00155,0,197.47,283.04,fora_de_nivel,1
MDT_SG-22-Z-A-V-3-SO-A.tif,0.00819,0.00022,0,1070.02,86.89,fora_de_nivel,1
MDT_SG-22-Z-A-V-3-SO-B.tif,0.00933,0.00061,0,1115.13,80.13,fora_de_nivel,1
MDT_SG-22-Z-A-V-3-SO-C.tif,0.00828,0.00022,0,1007.23,83.18,fora_de_nivel,1
MDT_SG-22-Z-A-V-3-SO-D.tif,0.00959,0.00068,0,1065.81,87.04,fora_de_nivel,1
MDT_SG-22-Z-A-V-3-SO-E.tif,0.00828,0.00022,0,1057.74,83.78,fora_de_nivel,1
MDT_SG-22-Z-A-V-3-SO-F.tif,0.00946,0.00068,0,1131.93,42.13,fora_de_nivel,1
MDT_SG-22-Z-A-V-4-NE-A.tif,0.01446,0.00372,0,6.29,133.02,furada,1
MDT_SG-22-Z-A-V-4-NE-B.tif,0.01584,0.00473,0,11.85,139.58,furada,1
MDT_SG-22-Z-A-V-4-NE-C.tif,0.01421,0.00361,0,95.09,204.86,fora_de_nivel,1
MDT_SG-22-Z-A-V-4-NE-D.tif,0.01613,0.00488,0,-7.99,163.12,furada,1
MDT_SG-22-Z-A-V-4-NE-E.tif,0.01421,0.00361,0,22.9,182.02,fora_de_nivel,1
MDT_SG-22-Z-A-V-4-NE-F.tif,0.01605,0.00486,0,-64.68,143.68,fora_de_nivel,1
MDT_SG-22-Z-A-V-4-NO-A.tif,0.01241,0.0023,0,45.16,257.46,fora_de_nivel,1
MDT_SG-22-Z-A-V-4-NO-B.tif,0.01339,0.00302,0,71.22,209.49,fora_de_nivel,1
MDT_SG-22-Z-A-V-4-NO-C.tif,0.01242,0.00233,0,140.0,306.8,fora_de_nivel,1
MDT_SG-22-Z-A-V-4-NO-D.tif,0.01341,0.00305,0,-8.73,230.77,furada,1
MDT_SG-22-Z-A-V-4-NO-E.tif,0.01238,0.00231,0,151.37,408.96,fora_de_nivel,1
MDT_SG-22-Z-A-V-4-NO-F.tif,0.01353,0.00307,0,-21.56,222.43,fora_de_nivel,1
MDT_SG-22-Z-A-V-4-SE-A.tif,0.01421,0.00361,0,-44.88,161.24,fora_de_nivel,1
MDT_SG-22-Z-A-V-4-SE-B.tif,0.0159,0.00478,0,-27.05,186.23,fora_de_nivel,1
MDT_SG-22-Z-A-V-4-SE-C.tif,0.01452,0.00377,0,-11.03,326.51,furada,1
MDT_SG-22-Z-A-V-4-SE-D.tif,0.0159,0.00478,0,85.12,249.59,fora_de_nivel,1
MDT_SG-22-Z-A-V-4-SE-E.tif,0.0346,0.0232,0,99.02,408.55,fora_de_nivel,1
MDT_SG-22-Z-A-V-4-SE-F.tif,0.01558,0.00465,0,49.71,293.31,fora_de_nivel,1
MDT_SG-22-Z-A-V-4-SO-A.tif,0.01247,0.0024,0,114.27,175.67,fora_de_nivel,1
MDT_SG-22-Z-A-V-4-SO-B.tif,0.01348,0.00306,0,-1.81,156.67,furada,1
MDT_SG-22-Z-A-V-4-SO-C.tif,0.01255,0.00241,0,52.59,172.74,fora_de_nivel,1
MDT_SG-22-Z-A-V-4-SO-D.tif,0.01335,0.00301,0,-37.42,241.61,fora_de_nivel,1
MDT_SG-22-Z-A-V-4-SO-E.tif,0.01262,0.00246,0,109.18,268.65,fora_de_nivel,1
MDT_SG-22-Z-A-V-4-SO-F.tif,0.01341,0.00305,0,-151.82,236.89,fora_de_nivel,1
MDT_SG-22-Z-A-VI-1-NE-A.tif,0.01828,0.00688,0,-16.64,111.07,fora_de_nivel,1
MDT_SG-22-Z-A-VI-1-NE-B.tif,0.01925,0.00775,0,-3.48,59.06,furada,1
MDT_SG-22-Z-A-VI-1-NE-C.tif,0.01846,0.00702,0,-48.85,236.77,fora_de_nivel,1
MDT_SG-22-Z-A-VI-1-NE-D.tif,0.01941,0.00785,0,-28.84,72.64,fora_de_nivel,1
MDT_SG-22-Z-A-VI-1-NE-E.tif,0.01822,0.00687,0,-55.45,301.94,fora_de_nivel,1
MDT_SG-22-Z-A-VI-1-NE-F.tif,0.01931,0.0078,0,-69.02,150.07,fora_de_nivel,1
MDT_SG-22-Z-A-VI-1-NO-A.tif,0.01638,0.00531,0,-41.81,271.72,fora_de_nivel,1
MDT_SG-22-Z-A-VI-1-NO-B.tif,0.0172,0.006,0,-87.12,143.08,fora_de_nivel,1
MDT_SG-22-Z-A-VI-1-NO-C.tif,0.01638,0.00531,0,37.23,254.0,fora_de_nivel,1
MDT_SG-22-Z-A-VI-1-NO-D.tif,0.01713,0.00598,0,-96.24,196.18,fora_de_nivel,1
MDT_SG-22-Z-A-VI-1-NO-E.tif,0.01623,0.00524,0,25.7,198.47,fora_de_nivel,1
MDT_SG-22-Z-A-VI-1-NO-F.tif,0.01741,0.00613,0,-74.62,294.24,fora_de_nivel,1
MDT_SG-22-Z-A-VI-1-SE-A.tif,0.01821,0.00686,0,-86.88,309.64,fora_de_nivel,1
MDT_SG-22-Z-A-VI-1-SE-B.tif,0.01916,0.0077,0,-108.71,294.66,fora_de_nivel,1
MDT_SG-22-Z-A-VI-1-SE-C.tif,0.01833,0.00694,0,10.86,313.2,furada,1
MDT_SG-22-Z-A-VI-1-SE-D.tif,0.01915,0.0077,0,-96.99,334.08,fora_de_nivel,1
MDT_SG-22-Z-A-VI-1-SE-E.tif,0.01838,0.00698,0,37.82,341.15,fora_de_nivel,1
MDT_SG-22-Z-A-VI-1-SE-F.tif,0.01924,0.00777,0,-91.21,325.25,fora_de_nivel,1
MDT_SG-22-Z-A-VI-1-SO-A.tif,0.01623,0.00524,0,47.0,118.02,fora_de_nivel,1
MDT_SG-22-Z-A-VI-1-SO-B.tif,0.01742,0.00613,0,62.34,245.04,fora_de_nivel,1
MDT_SG-22-Z-A-VI-1-SO-C.tif,0.01631,0.0053,0,4.53,134.17,furada,1
MDT_SG-22-Z-A-VI-1-SO-D.tif,0.01734,0.00611,0,-23.88,255.9,fora_de_nivel,1
MDT_SG-22-Z-A-VI-1-SO-E.tif,0.01659,0.00544,0,-3.92,124.93,furada,1
MDT_SG-22-Z-A-VI-1-SO-F.tif,0.01734,0.00611,0,24.84,296.83,fora_de_nivel,1
MDT_SG-22-Z-A-VI-2-NE-A.tif,0.02202,0.01027,0,-22.2,63.99,fora_de_nivel,1
MDT_SG-22-Z-A-VI-2-NE-B.tif,0.0232,0.01128,0,-10.57,98.64,furada,1
MDT_SG-22-Z-A-VI-2-NE-C.tif,0.02226,0.01045,0,-14.47,74.54,furada,1
MDT_SG-22-Z-A-VI-2-NE-D.tif,0.0232,0.01128,0,12.63,129.01,furada,1
MDT_SG-22-Z-A-VI-2-NE-E.tif,0.02239,0.01057,0,19.9,108.42,fora_de_nivel,1
MDT_SG-22-Z-A-VI-2-NE-F.tif,0.0232,0.01128,0,-7.45,185.35,furada,1
MDT_SG-22-Z-A-VI-2-NO-A.tif,0.02001,0.00846,0,-32.24,64.28,fora_de_nivel,1
MDT_SG-22-Z-A-VI-2-NO-B.tif,0.02129,0.00953,0,16.77,68.09,fora_de_nivel,1
MDT_SG-22-Z-A-VI-2-NO-C.tif,0.02001,0.00846,0,-19.16,60.22,fora_de_nivel,1
MDT_SG-22-Z-A-VI-2-NO-D.tif,0.02115,0.00943,0,18.64,70.11,fora_de_nivel,1
MDT_SG-22-Z-A-VI-2-NO-E.tif,0.02009,0.00853,0,4.73,60.64,furada,1
MDT_SG-22-Z-A-VI-2-NO-F.tif,0.02122,0.0095,0,-5.41,81.18,furada,1
MDT_SG-22-Z-A-VI-2-SE-A.tif,0.02238,0.0105,0,44.88,100.48,fora_de_nivel,1
MDT_SG-22-Z-A-VI-2-SE-B.tif,0.02313,0.01124,0,-15.21,255.99,fora_de_nivel,1
MDT_SG-22-Z-A-VI-2-SE-C.tif,0.02238,0.0105,0,39.34,109.64,fora_de_nivel,1
MDT_SG-22-Z-A-VI-2-SE-D.tif,0.02304,0.01119,0,35.87,243.89,fora_de_nivel,1
MDT_SG-22-Z-A-VI-2-SE-E.tif,0.02223,0.01042,0,29.56,169.08,fora_de_nivel,1
MDT_SG-22-Z-A-VI-2-SE-F.tif,0.02311,0.01123,0,40.11,217.81,fora_de_nivel,1
MDT_SG-22-Z-A-VI-2-SO-A.tif,0.02017,0.00856,0,-13.3,125.45,furada,1
MDT_SG-22-Z-A-VI-2-SO-B.tif,0.0211,0.00942,0,-16.13,63.04,fora_de_nivel,1
MDT_SG-22-Z-A-VI-2-SO-C.tif,0.02018,0.00857,0,-86.14,221.47,fora_de_nivel,1
MDT_SG-22-Z-A-VI-2-SO-D.tif,0.02138,0.00965,0,-11.51,89.38,furada,1
MDT_SG-22-Z-A-VI-2-SO-E.tif,0.02019,0.00862,0,-80.08,306.89,fora_de_nivel,1
MDT_SG-22-Z-A-VI-2-SO-F.tif,0.02129,0.00958,0,-17.99,227.85,fora_de_nivel,1
MDT_SG-22-Z-A-VI-3-NE-A.tif,0.01834,0.00699,0,58.96,208.09,fora_de_nivel,1
MDT_SG-22-Z-A-VI-3-NE-B.tif,0.01932,0.0078,0,-24.92,306.03,fora_de_nivel,1
MDT_SG-22-Z-A-VI-3-NE-C.tif,0.01824,0.00691,0,-30.01,234.59,fora_de_nivel,1
MDT_SG-22-Z-A-VI-3-NE-D.tif,0.01948,0.0079,0,53.22,266.02,fora_de_nivel,1
MDT_SG-22-Z-A-VI-3-NE-E.tif,0.01832,0.00697,0,16.68,236.07,fora_de_nivel,1
MDT_SG-22-Z-A-VI-3-NE-F.tif,0.01926,0.0078,0,-32.0,154.07,fora_de_nivel,1
MDT_SG-22-Z-A-VI-3-NO-A.tif,0.01659,0.00544,0,30.41,175.66,fora_de_nivel,1
MDT_SG-22-Z-A-VI-3-NO-B.tif,0.01734,0.00611,0,-42.94,228.77,fora_de_nivel,1
MDT_SG-22-Z-A-VI-3-NO-C.tif,0.01644,0.00536,0,-19.74,184.67,fora_de_nivel,1
MDT_SG-22-Z-A-VI-3-NO-D.tif,0.01732,0.00609,0,-10.7,176.66,furada,1
MDT_SG-22-Z-A-VI-3-NO-E.tif,0.01666,0.0055,0,-11.31,326.04,furada,1
MDT_SG-22-Z-A-VI-3-NO-F.tif,0.01738,0.00614,0,11.82,284.88,furada,1
MDT_SG-22-Z-A-VI-3-SE-A.tif,0.0184,0.00699,0,-26.27,249.62,fora_de_nivel,1
MDT_SG-22-Z-A-VI-3-SE-B.tif,0.01954,0.008,0,-9.69,258.94,furada,1
MDT_SG-22-Z-A-VI-3-SE-C.tif,0.01845,0.00704,0,3.08,185.0,furada,1
MDT_SG-22-Z-A-VI-3-SE-D.tif,0.01945,0.00791,0,-1.76,115.4,furada,1
MDT_SG-22-Z-A-VI-3-SE-E.tif,0.01858,0.00717,0,8.34,162.24,furada,1
MDT_SG-22-Z-A-VI-3-SE-F.tif,0.01953,0.00794,0,7.43,206.68,furada,1
MDT_SG-22-Z-A-VI-3-SO-A.tif,0.01649,0.0054,0,5.1,207.38,furada,1
MDT_SG-22-Z-A-VI-3-SO-B.tif,0.01739,0.00614,0,10.14,201.75,furada,1
MDT_SG-22-Z-A-VI-3-SO-C.tif,0.01649,0.0054,0,-2.37,253.23,furada,1
MDT_SG-22-Z-A-VI-3-SO-D.tif,0.01726,0.00607,0,-7.28,171.98,furada,1
MDT_SG-22-Z-A-VI-3-SO-E.tif,0.01642,0.00538,0,16.22,247.62,fora_de_nivel,1
MDT_SG-22-Z-A-VI-3-SO-F.tif,0.01741,0.00615,0,-18.18,136.63,fora_de_nivel,1
MDT_SG-22-Z-A-VI-4-NE-A.tif,0.02221,0.01042,0,11.64,199.96,furada,1
MDT_SG-22-Z-A-VI-4-NE-B.tif,0.0232,0.0113,0,53.17,254.35,fora_de_nivel,1
MDT_SG-22-Z-A-VI-4-NE-C.tif,0.02221,0.01042,0,-44.42,282.66,fora_de_nivel,1
MDT_SG-22-Z-A-VI-4-NE-D.tif,0.02342,0.01147,0,63.11,201.87,fora_de_nivel,1
MDT_SG-22-Z-A-VI-4-NE-E.tif,0.02229,0.01046,0,-71.64,214.69,fora_de_nivel,1
MDT_SG-22-Z-A-VI-4-NE-F.tif,0.02311,0.01125,0,77.06,242.84,fora_de_nivel,1
MDT_SG-22-Z-A-VI-4-NO-A.tif,0.02039,0.00875,0,-89.57,283.0,fora_de_nivel,1
MDT_SG-22-Z-A-VI-4-NO-B.tif,0.02145,0.00965,0,-39.14,261.44,fora_de_nivel,1
MDT_SG-22-Z-A-VI-4-NO-C.tif,0.02039,0.00875,0,-71.7,340.14,fora_de_nivel,1
MDT_SG-22-Z-A-VI-4-NO-D.tif,0.02144,0.00967,0,-105.83,375.12,fora_de_nivel,1
MDT_SG-22-Z-A-VI-4-NO-E.tif,0.02052,0.00879,0,-48.48,371.0,fora_de_nivel,1
MDT_SG-22-Z-A-VI-4-NO-F.tif,0.02119,0.0095,0,-122.48,392.31,fora_de_nivel,1
MDT_SG-22-Z-A-VI-4-SE-A.tif,0.02229,0.01046,0,-92.97,316.2,fora_de_nivel,1
MDT_SG-22-Z-A-VI-4-SE-B.tif,0.0233,0.01139,0,15.61,193.08,fora_de_nivel,1
MDT_SG-22-Z-A-VI-4-SE-C.tif,0.02236,0.01051,0,-60.75,392.53,fora_de_nivel,1
MDT_SG-22-Z-A-VI-4-SE-D.tif,0.02338,0.01147,0,-59.75,357.59,fora_de_nivel,1
MDT_SG-22-Z-A-VI-4-SE-E.tif,0.02223,0.01044,0,-46.66,384.42,fora_de_nivel,1
MDT_SG-22-Z-A-VI-4-SE-F.tif,0.02346,0.0115,0,-34.92,383.1,fora_de_nivel,1
MDT_SG-22-Z-A-VI-4-SO-A.tif,0.02054,0.00884,0,4.81,276.82,furada,1
MDT_SG-22-Z-A-VI-4-SO-B.tif,0.02151,0.00973,0,-124.75,406.36,fora_de_nivel,1
MDT_SG-22-Z-A-VI-4-SO-C.tif,0.02029,0.0087,0,-59.22,222.2,fora_de_nivel,1
MDT_SG-22-Z-A-VI-4-SO-D.tif,0.02138,0.00967,0,12.62,431.61,furada,1
MDT_SG-22-Z-A-VI-4-SO-E.tif,0.02029,0.0087,0,-9.79,223.76,furada,1
MDT_SG-22-Z-A-VI-4-SO-F.tif,0.0214,0.00964,0,1.61,300.86,furada,1
MDT_SG-22-Z-B-I-3-NE-A.tif,0.02591,0.01382,0,856.0,54.01,fora_de_nivel,1
MDT_SG-22-Z-B-I-3-NE-B.tif,0.02688,0.01471,0,955.31,116.15,fora_de_nivel,1
MDT_SG-22-Z-B-I-3-NE-C.tif,0.02598,0.01388,0,744.25,156.35,fora_de_nivel,1
MDT_SG-22-Z-B-I-3-NE-D.tif,0.02673,0.01461,0,816.7,485.93,fora_de_nivel,1
MDT_SG-22-Z-B-I-3-NE-E.tif,0.02622,0.01407,0,623.61,242.32,fora_de_nivel,1
MDT_SG-22-Z-B-I-3-NE-F.tif,0.02662,0.01454,0,337.28,320.22,fora_de_nivel,1
MDT_SG-22-Z-B-I-3-NO-A.tif,0.02386,0.01191,0,830.76,50.87,fora_de_nivel,1
MDT_SG-22-Z-B-I-3-NO-B.tif,0.02479,0.01278,0,844.53,62.18,fora_de_nivel,1
MDT_SG-22-Z-B-I-3-NO-C.tif,0.0238,0.01189,0,839.44,47.89,fora_de_nivel,1
MDT_SG-22-Z-B-I-3-NO-D.tif,0.0247,0.01271,0,855.4,78.75,fora_de_nivel,1
MDT_SG-22-Z-B-I-3-NO-E.tif,0.02388,0.01193,0,876.51,74.02,fora_de_nivel,1
MDT_SG-22-Z-B-I-3-NO-F.tif,0.02494,0.01293,0,859.22,56.93,fora_de_nivel,1
MDT_SG-22-Z-B-I-3-SE-A.tif,0.02623,0.01407,0,586.18,356.55,fora_de_nivel,1
MDT_SG-22-Z-B-I-3-SE-B.tif,0.0267,0.01461,0,204.35,426.23,fora_de_nivel,1
MDT_SG-22-Z-B-I-3-SE-C.tif,0.02598,0.01391,0,413.88,336.69,fora_de_nivel,1
MDT_SG-22-Z-B-I-3-SE-D.tif,0.02671,0.01461,0,133.79,158.75,fora_de_nivel,1
MDT_SG-22-Z-B-I-3-SE-E.tif,0.02598,0.01392,0,365.52,525.97,fora_de_nivel,1
MDT_SG-22-Z-B-I-3-SE-F.tif,0.02679,0.01466,0,167.51,413.12,fora_de_nivel,1
MDT_SG-22-Z-B-I-3-SO-A.tif,0.02376,0.01181,0,916.74,59.15,fora_de_nivel,1
MDT_SG-22-Z-B-I-3-SO-B.tif,0.02502,0.01299,0,824.64,68.07,fora_de_nivel,1
MDT_SG-22-Z-B-I-3-SO-C.tif,0.02409,0.01209,0,921.22,92.36,fora_de_nivel,1
MDT_SG-22-Z-B-I-3-SO-D.tif,0.02501,0.01299,0,775.42,136.77,fora_de_nivel,1
MDT_SG-22-Z-B-I-3-SO-E.tif,0.02403,0.01206,0,845.32,889.09,fora_de_nivel,1
MDT_SG-22-Z-B-I-3-SO-F.tif,0.02507,0.01301,0,756.56,850.44,fora_de_nivel,1
MDT_SG-22-Z-B-IV-1-NE-A.tif,0.02605,0.01398,0,-1.26,454.34,furada,1
MDT_SG-22-Z-B-IV-1-NE-B.tif,0.02679,0.01465,0,107.85,334.07,fora_de_nivel,1
MDT_SG-22-Z-B-IV-1-NE-C.tif,0.02619,0.01407,0,-30.16,209.32,fora_de_nivel,1
MDT_SG-22-Z-B-IV-1-NE-D.tif,0.02692,0.01478,0,126.83,409.82,fora_de_nivel,1
MDT_SG-22-Z-B-IV-1-NE-E.tif,0.02614,0.01402,0,-15.76,221.58,fora_de_nivel,1
MDT_SG-22-Z-B-IV-1-NE-F.tif,0.02716,0.01496,0,43.15,409.2,fora_de_nivel,1
MDT_SG-22-Z-B-IV-1-NO-A.tif,0.02403,0.01206,0,-5.88,138.83,furada,1
MDT_SG-22-Z-B-IV-1-NO-B.tif,0.02532,0.01324,0,2.2,140.23,furada,1
MDT_SG-22-Z-B-IV-1-NO-C.tif,0.02403,0.01206,0,-22.05,172.91,fora_de_nivel,1
MDT_SG-22-Z-B-IV-1-NO-D.tif,0.02519,0.01314,0,19.38,109.25,fora_de_nivel,1
MDT_SG-22-Z-B-IV-1-NO-E.tif,0.024,0.01203,0,33.02,177.36,fora_de_nivel,1
MDT_SG-22-Z-B-IV-1-NO-F.tif,0.02492,0.01294,0,-9.17,168.83,furada,1
MDT_SG-22-Z-B-IV-1-SE-A.tif,0.02614,0.01402,0,-35.19,336.48,fora_de_nivel,1
MDT_SG-22-Z-B-IV-1-SE-B.tif,0.02701,0.01485,0,76.44,337.42,fora_de_nivel,1
MDT_SG-22-Z-B-IV-1-SE-C.tif,0.02606,0.01398,0,94.85,407.96,fora_de_nivel,1
MDT_SG-22-Z-B-IV-1-SE-D.tif,0.02699,0.01486,0,-2.44,295.05,furada,1
MDT_SG-22-Z-B-IV-1-SE-E.tif,0.02606,0.01398,0,38.69,358.75,fora_de_nivel,1
MDT_SG-22-Z-B-IV-1-SE-F.tif,0.02718,0.01501,0,5.02,347.83,furada,1
MDT_SG-22-Z-B-IV-1-SO-A.tif,0.02417,0.01219,0,16.62,154.59,fora_de_nivel,1
MDT_SG-22-Z-B-IV-1-SO-B.tif,0.02494,0.01295,0,16.48,194.51,fora_de_nivel,1
MDT_SG-22-Z-B-IV-1-SO-C.tif,0.02418,0.0122,0,-38.56,333.04,fora_de_nivel,1
MDT_SG-22-Z-B-IV-1-SO-D.tif,0.02503,0.01303,0,-32.02,193.92,fora_de_nivel,1
MDT_SG-22-Z-B-IV-1-SO-E.tif,0.02402,0.01209,0,7.01,213.69,furada,1
MDT_SG-22-Z-B-IV-1-SO-F.tif,0.02533,0.01323,0,-23.68,208.76,fora_de_nivel,1
MDT_SG-22-Z-B-IV-2-NE-A.tif,0.02961,0.01738,0,-63.51,257.05,fora_de_nivel,1
MDT_SG-22-Z-B-IV-2-NE-B.tif,0.03085,0.01853,0,38.9,217.93,fora_de_nivel,1
MDT_SG-22-Z-B-IV-2-NE-C.tif,0.02993,0.01765,0,-35.03,312.64,fora_de_nivel,1
MDT_SG-22-Z-B-IV-2-NE-D.tif,0.03071,0.01843,0,3.56,219.14,furada,1
MDT_SG-22-Z-B-IV-2-NE-E.tif,0.02993,0.01764,0,18.1,331.11,fora_de_nivel,1
MDT_SG-22-Z-B-IV-2-NE-F.tif,0.03113,0.01876,0,-1.09,161.33,furada,1
MDT_SG-22-Z-B-IV-2-NO-A.tif,0.02793,0.01573,0,17.68,279.71,fora_de_nivel,1
MDT_SG-22-Z-B-IV-2-NO-B.tif,0.02929,0.01695,0,3.45,252.3,furada,1
MDT_SG-22-Z-B-IV-2-NO-C.tif,0.02801,0.0158,0,-5.52,256.08,furada,1
MDT_SG-22-Z-B-IV-2-NO-D.tif,0.02891,0.01668,0,-3.14,240.5,furada,1
MDT_SG-22-Z-B-IV-2-NO-E.tif,0.02802,0.0158,0,24.12,409.77,fora_de_nivel,1
MDT_SG-22-Z-B-IV-2-NO-F.tif,0.02906,0.01683,0,-26.48,354.47,fora_de_nivel,1
MDT_SG-22-Z-B-IV-2-SE-A.tif,0.03016,0.01784,0,8.85,206.08,furada,1
MDT_SG-22-Z-B-IV-2-SE-B.tif,0.031,0.01867,0,-14.58,154.82,furada,1
MDT_SG-22-Z-B-IV-2-SE-C.tif,0.03002,0.01773,0,7.94,196.2,furada,1
MDT_SG-22-Z-B-IV-2-SE-D.tif,0.031,0.01867,0,-10.62,149.01,furada,1
MDT_SG-22-Z-B-IV-2-SE-E.tif,0.03002,0.01773,0,2.49,178.07,furada,1
MDT_SG-22-Z-B-IV-2-SE-F.tif,0.03097,0.01865,0,-19.19,167.18,fora_de_nivel,1
MDT_SG-22-Z-B-IV-2-SO-A.tif,0.02808,0.01587,0,-57.55,445.44,fora_de_nivel,1
MDT_SG-22-Z-B-IV-2-SO-B.tif,0.02907,0.01684,0,-11.93,301.17,furada,1
MDT_SG-22-Z-B-IV-2-SO-C.tif,0.02794,0.01577,0,11.27,391.99,furada,1
MDT_SG-22-Z-B-IV-2-SO-D.tif,0.02907,0.01684,0,-19.84,195.65,fora_de_nivel,1
MDT_SG-22-Z-B-IV-2-SO-E.tif,0.02802,0.01584,0,21.8,332.35,fora_de_nivel,1
MDT_SG-22-Z-B-IV-2-SO-F.tif,0.02931,0.01703,0,-51.01,189.68,fora_de_nivel,1
MDT_SG-22-Z-B-IV-3-NE-A.tif,0.02616,0.01409,0,2.33,430.05,furada,1
MDT_SG-22-Z-B-IV-3-NE-B.tif,0.02718,0.01501,0,-1.85,174.7,furada,1
MDT_SG-22-Z-B-IV-3-NE-C.tif,0.02653,0.01447,0,22.59,375.75,fora_de_nivel,1
MDT_SG-22-Z-B-IV-3-NE-D.tif,0.02702,0.0149,0,-3.91,142.14,furada,1
MDT_SG-22-Z-B-IV-3-NE-E.tif,0.02679,0.01468,0,87.51,404.92,fora_de_nivel,1
MDT_SG-22-Z-B-IV-3-NE-F.tif,0.02711,0.01498,0,2.71,310.79,furada,1
MDT_SG-22-Z-B-IV-3-NO-A.tif,0.02402,0.01209,0,38.35,178.69,fora_de_nivel,1
MDT_SG-22-Z-B-IV-3-NO-B.tif,0.02533,0.01323,0,68.16,226.69,fora_de_nivel,1
MDT_SG-22-Z-B-IV-3-NO-C.tif,0.02431,0.01232,0,15.85,243.03,fora_de_nivel,1
MDT_SG-22-Z-B-IV-3-NO-D.tif,0.02525,0.0132,0,68.3,275.42,fora_de_nivel,1
MDT_SG-22-Z-B-IV-3-NO-E.tif,0.02455,0.01246,0,14.39,261.33,furada,1
MDT_SG-22-Z-B-IV-3-NO-F.tif,0.02536,0.01329,0,-8.93,239.32,furada,1
MDT_SG-22-Z-B-IV-3-SE-A.tif,0.02629,0.01418,0,-51.11,341.93,fora_de_nivel,1
MDT_SG-22-Z-B-IV-3-SE-B.tif,0.02732,0.01514,0,11.63,317.48,furada,1
MDT_SG-22-Z-B-IV-3-SE-C.tif,0.02629,0.01418,0,-32.37,242.76,fora_de_nivel,1
MDT_SG-22-Z-B-IV-3-SE-D.tif,0.0274,0.01518,0,-10.21,301.98,furada,1
MDT_SG-22-Z-B-IV-3-SE-E.tif,0.02623,0.01415,0,-8.94,209.25,furada,1
MDT_SG-22-Z-B-IV-3-SE-F.tif,0.02748,0.01524,0,-45.16,177.03,fora_de_nivel,1
MDT_SG-22-Z-B-IV-3-SO-A.tif,0.02441,0.01236,0,-6.48,284.12,furada,1
MDT_SG-22-Z-B-IV-3-SO-B.tif,0.0254,0.01334,0,135.19,328.78,fora_de_nivel,1
MDT_SG-22-Z-B-IV-3-SO-C.tif,0.02444,0.01243,0,65.7,393.27,fora_de_nivel,1
MDT_SG-22-Z-B-IV-3-SO-D.tif,0.02545,0.01337,0,47.36,361.83,fora_de_nivel,1
MDT_SG-22-Z-B-IV-3-SO-E.tif,0.02434,0.01238,0,86.0,442.27,fora_de_nivel,1
MDT_SG-22-Z-B-IV-3-SO-F.tif,0.02548,0.01341,0,9.37,192.12,furada,1
MDT_SG-22-Z-B-IV-4-NE-A.tif,0.03,0.01773,0,-4.37,247.94,furada,1
MDT_SG-22-Z-B-IV-4-NE-B.tif,0.03106,0.01872,0,-28.34,286.15,fora_de_nivel,1
MDT_SG-22-Z-B-IV-4-NE-C.tif,0.03,0.01773,0,-3.78,236.74,furada,1
MDT_SG-22-Z-B-IV-4-NE-D.tif,0.03091,0.01861,0,-43.85,192.29,fora_de_nivel,1
MDT_SG-22-Z-B-IV-4-NE-E.tif,0.03008,0.01779,0,-1.89,81.9,furada,1
MDT_SG-22-Z-B-IV-4-NE-F.tif,0.03098,0.01867,0,-34.46,137.29,fora_de_nivel,1
MDT_SG-22-Z-B-IV-4-NO-A.tif,0.02802,0.01584,0,-42.55,403.36,fora_de_nivel,1
MDT_SG-22-Z-B-IV-4-NO-B.tif,0.02931,0.01702,0,-24.02,268.78,fora_de_nivel,1
MDT_SG-22-Z-B-IV-4-NO-C.tif,0.02823,0.01601,0,-14.34,257.82,furada,1
MDT_SG-22-Z-B-IV-4-NO-D.tif,0.02916,0.01691,0,-3.11,281.67,furada,1
MDT_SG-22-Z-B-IV-4-NO-E.tif,0.02846,0.01616,0,-7.06,156.21,furada,1
MDT_SG-22-Z-B-IV-4-NO-F.tif,0.02916,0.01691,0,5.35,156.51,furada,1
MDT_SG-22-Z-B-IV-4-SE-A.tif,0.03016,0.01786,0,-2.49,97.31,furada,1
MDT_SG-22-Z-B-IV-4-SE-B.tif,0.05884,0.04689,0,-0.32,134.51,furada,1
MDT_SG-22-Z-B-IV-4-SE-C.tif,0.03026,0.01796,0,-1.08,193.5,furada,1
MDT_SG-22-Z-B-IV-4-SE-D.tif,0.03138,0.01903,0,2.91,112.61,furada,1
MDT_SG-22-Z-B-IV-4-SE-E.tif,0.03041,0.01809,0,7.75,198.03,furada,1
MDT_SG-22-Z-B-IV-4-SE-F.tif,0.03142,0.01905,0,-10.04,195.28,furada,1
MDT_SG-22-Z-B-IV-4-SO-A.tif,0.02848,0.0162,0,-5.93,178.32,furada,1
MDT_SG-22-Z-B-IV-4-SO-B.tif,0.02928,0.01702,0,-0.37,159.72,furada,1
MDT_SG-22-Z-B-IV-4-SO-C.tif,0.02829,0.01606,0,-2.71,178.61,furada,1
MDT_SG-22-Z-B-IV-4-SO-D.tif,0.0292,0.01694,0,1.71,224.51,furada,1
MDT_SG-22-Z-B-IV-4-SO-E.tif,0.02824,0.01604,0,-7.57,189.26,furada,1
MDT_SG-22-Z-B-IV-4-SO-F.tif,0.02922,0.01696,0,-13.5,222.79,furada,1
MDT_SG-22-Z-B-V-1-NE-A.tif,0.03355,0.02118,0,0.34,18.32,furada,1
MDT_SG-22-Z-B-V-1-NE-B.tif,0.0349,0.02248,0,0.67,13.16,furada,1
MDT_SG-22-Z-B-V-1-NE-C.tif,0.03378,0.02134,0,0.37,37.33,furada,1
MDT_SG-22-Z-B-V-1-NE-D.tif,0.03488,0.02243,0,0.44,31.4,furada,1
MDT_SG-22-Z-B-V-1-NE-E.tif,0.03367,0.02125,0,0.01,122.08,furada,1
MDT_SG-22-Z-B-V-1-NE-F.tif,0.03491,0.02243,0,-1.39,41.82,furada,1
MDT_SG-22-Z-B-V-1-NO-A.tif,0.03202,0.01965,0,-1.19,99.1,furada,1
MDT_SG-22-Z-B-V-1-NO-B.tif,0.03298,0.02054,0,-0.17,43.7,furada,1
MDT_SG-22-Z-B-V-1-NO-C.tif,0.0321,0.01969,0,1.28,100.29,furada,1
MDT_SG-22-Z-B-V-1-NO-D.tif,0.03268,0.02034,0,0.62,50.52,furada,1
MDT_SG-22-Z-B-V-1-NO-E.tif,0.0321,0.0197,0,-9.56,186.97,furada,1
MDT_SG-22-Z-B-V-1-NO-F.tif,0.0327,0.02034,0,1.31,167.66,furada,1
MDT_SG-22-Z-B-V-1-SE-A.tif,0.03385,0.02141,0,2.33,165.49,furada,1
MDT_SG-22-Z-B-V-1-SE-B.tif,0.03499,0.02253,0,0.29,90.1,furada,1
MDT_SG-22-Z-B-V-1-SE-C.tif,0.03388,0.02147,0,3.01,138.17,furada,1
MDT_SG-22-Z-B-V-1-SE-D.tif,0.03489,0.02246,0,-1.66,67.28,furada,1
MDT_SG-22-Z-B-V-1-SE-E.tif,0.03388,0.02147,0,0.3,131.25,furada,1
MDT_SG-22-Z-B-V-1-SE-F.tif,0.03504,0.02257,0,-4.09,47.83,furada,1
MDT_SG-22-Z-B-V-1-SO-A.tif,0.03207,0.0197,0,-27.95,176.5,fora_de_nivel,1
MDT_SG-22-Z-B-V-1-SO-B.tif,0.03258,0.02024,0,0.99,191.77,furada,1
MDT_SG-22-Z-B-V-1-SO-C.tif,0.03202,0.01966,0,-9.18,144.61,furada,1
MDT_SG-22-Z-B-V-1-SO-D.tif,0.03265,0.02031,0,-9.05,126.93,furada,1
MDT_SG-22-Z-B-V-1-SO-E.tif,0.03201,0.01966,0,2.09,198.25,furada,1
MDT_SG-22-Z-B-V-1-SO-F.tif,0.03294,0.02052,0,-3.72,178.63,furada,1
MDT_SG-22-Z-B-V-2-NO-A.tif,0.03558,0.02314,0,-3.07,10.91,furada,1
MDT_SG-22-Z-B-V-2-NO-B.tif,0.25311,0.24308,0,-9.78,11.94,furada,1
MDT_SG-22-Z-B-V-2-NO-C.tif,0.04399,0.03165,0,-0.35,42.85,furada,1
MDT_SG-22-Z-B-V-2-NO-D.tif,0.55722,0.55156,0,-1.24,13.36,furada,1
MDT_SG-22-Z-B-V-2-NO-E.tif,0.04285,0.03052,0,-0.71,44.65,furada,1
MDT_SG-22-Z-B-V-2-NO-F.tif,0.79196,0.78969,0,-0.54,10.0,furada,1
MDT_SG-22-Z-B-V-2-SE-E.tif,1.0,1.0,2470,nan,nan,vazia,1
MDT_SG-22-Z-B-V-2-SO-A.tif,0.03631,0.02383,0,-1.33,30.81,furada,1
MDT_SG-22-Z-B-V-2-SO-B.tif,0.9276,0.92723,0,2.89,10.4,furada,1
MDT_SG-22-Z-B-V-2-SO-C.tif,0.04591,0.03328,0,-0.93,66.16,furada,1
MDT_SG-22-Z-B-V-2-SO-D.tif,0.94785,0.94757,0,1.0,36.42,furada,1
MDT_SG-22-Z-B-V-2-SO-E.tif,0.0359,0.02349,0,-0.37,27.09,furada,1
MDT_SG-22-Z-B-V-2-SO-F.tif,0.8712,0.87003,0,-0.12,11.33,furada,1
MDT_SG-22-Z-B-V-3-NE-A.tif,0.03386,0.02147,0,2.28,127.73,furada,1
MDT_SG-22-Z-B-V-3-NE-B.tif,0.03504,0.02257,0,0.29,73.47,furada,1
MDT_SG-22-Z-B-V-3-NE-C.tif,0.03386,0.02147,0,0.49,137.22,furada,1
MDT_SG-22-Z-B-V-3-NE-D.tif,0.03519,0.02269,0,1.23,118.93,furada,1
MDT_SG-22-Z-B-V-3-NE-E.tif,0.03436,0.02194,0,1.39,115.83,furada,1
MDT_SG-22-Z-B-V-3-NE-F.tif,0.06754,0.05557,0,1.11,70.61,furada,1
MDT_SG-22-Z-B-V-3-NO-A.tif,0.03202,0.01966,0,-18.57,232.81,fora_de_nivel,1
MDT_SG-22-Z-B-V-3-NO-B.tif,0.03304,0.02062,0,-2.29,164.54,furada,1
MDT_SG-22-Z-B-V-3-NO-C.tif,0.03218,0.01982,0,0.46,189.97,furada,1
MDT_SG-22-Z-B-V-3-NO-D.tif,0.03296,0.02057,0,8.3,187.95,furada,1
MDT_SG-22-Z-B-V-3-NO-E.tif,0.03233,0.0199,0,-3.95,194.46,furada,1
MDT_SG-22-Z-B-V-3-NO-F.tif,0.03287,0.02051,0,3.0,150.74,furada,1
MDT_SG-22-Z-B-V-3-SE-A.tif,0.06601,0.05405,0,0.27,38.67,furada,1
MDT_SG-22-Z-B-V-3-SE-B.tif,0.0797,0.06791,0,0.53,83.14,furada,1
MDT_SG-22-Z-B-V-3-SE-C.tif,0.03424,0.02178,0,-4.28,106.76,furada,1
MDT_SG-22-Z-B-V-3-SE-D.tif,0.03647,0.02404,0,0.32,103.4,furada,1
MDT_SG-22-Z-B-V-3-SE-E.tif,0.03416,0.02172,0,0.92,47.74,furada,1
MDT_SG-22-Z-B-V-3-SE-F.tif,0.03517,0.02272,0,-1.16,54.63,furada,1
MDT_SG-22-Z-B-V-3-SO-A.tif,0.05708,0.04504,0,-2.53,125.43,furada,1
MDT_SG-22-Z-B-V-3-SO-B.tif,0.03355,0.02116,0,0.32,125.09,furada,1
MDT_SG-22-Z-B-V-3-SO-C.tif,0.04821,0.03612,0,0.04,65.44,furada,1
MDT_SG-22-Z-B-V-3-SO-D.tif,0.03335,0.02096,0,-0.35,103.48,furada,1
MDT_SG-22-Z-B-V-3-SO-E.tif,0.03201,0.01968,0,2.79,169.31,furada,1
MDT_SG-22-Z-B-V-3-SO-F.tif,0.03311,0.0207,0,-1.48,97.99,furada,1
MDT_SG-22-Z-B-V-4-NE-A.tif,0.9077,0.90669,0,-3.73,16.34,furada,1
MDT_SG-22-Z-B-V-4-NE-C.tif,0.62675,0.62189,0,-2.21,27.3,furada,1
MDT_SG-22-Z-B-V-4-NO-A.tif,0.03582,0.02337,0,-2.44,45.02,furada,1
MDT_SG-22-Z-B-V-4-NO-B.tif,0.4314,0.42425,0,-0.51,20.94,furada,1
MDT_SG-22-Z-B-V-4-NO-C.tif,0.03592,0.02346,0,0.69,31.88,furada,1
MDT_SG-22-Z-B-V-4-NO-D.tif,0.04145,0.02882,0,-0.72,65.62,furada,1
MDT_SG-22-Z-B-V-4-NO-E.tif,0.12277,0.11148,0,0.9,48.89,furada,1
MDT_SG-22-Z-B-V-4-NO-F.tif,0.18693,0.17569,0,-0.96,57.12,furada,1
MDT_SG-22-Z-B-V-4-SE-C.tif,0.99632,0.99642,60,8.4,36.63,vazia,1
MDT_SG-22-Z-B-V-4-SE-E.tif,0.95095,0.95051,0,-1.89,33.31,furada,1
MDT_SG-22-Z-B-V-4-SO-A.tif,0.06181,0.0497,0,-0.66,54.34,furada,1
MDT_SG-22-Z-B-V-4-SO-B.tif,0.39093,0.38286,0,-1.63,4.13,furada,1
MDT_SG-22-Z-B-V-4-SO-C.tif,0.04224,0.02982,0,-0.31,35.21,furada,1
MDT_SG-22-Z-B-V-4-SO-D.tif,0.14547,0.13396,0,-1.21,74.76,furada,1
MDT_SG-22-Z-B-V-4-SO-E.tif,0.03587,0.02341,0,-0.26,91.37,furada,1
MDT_SG-22-Z-B-V-4-SO-F.tif,0.12028,0.10862,0,-1.75,65.92,furada,1
MDT_SG-22-Z-C-II-1-NE-A.tif,0.01066,0.00114,0,1027.73,1052.44,fora_de_nivel,1
MDT_SG-22-Z-C-II-1-NE-B.tif,0.0113,0.00157,0,129.85,311.27,fora_de_nivel,1
MDT_SG-22-Z-C-II-1-NE-C.tif,0.01042,0.00107,0,1007.56,921.04,fora_de_nivel,1
MDT_SG-22-Z-C-II-1-NE-D.tif,0.0113,0.00156,0,49.43,297.6,fora_de_nivel,1
MDT_SG-22-Z-C-II-1-NE-E.tif,0.01052,0.00112,0,983.55,965.39,fora_de_nivel,1
MDT_SG-22-Z-C-II-1-NE-F.tif,0.01135,0.00165,0,-14.88,238.55,furada,1
MDT_SG-22-Z-C-II-1-NO-A.tif,0.00836,0.00022,0,1080.45,68.91,fora_de_nivel,1
MDT_SG-22-Z-C-II-1-NO-B.tif,0.00952,0.00068,0,1110.0,80.73,fora_de_nivel,1
MDT_SG-22-Z-C-II-1-NO-C.tif,0.00851,0.00031,0,1030.77,57.9,fora_de_nivel,1
MDT_SG-22-Z-C-II-1-NO-D.tif,0.00961,0.00068,0,1053.72,71.23,fora_de_nivel,1
MDT_SG-22-Z-C-II-1-NO-E.tif,0.00851,0.0003,0,997.89,61.89,fora_de_nivel,1
MDT_SG-22-Z-C-II-1-NO-F.tif,0.00982,0.00071,0,996.45,62.23,fora_de_nivel,1
MDT_SG-22-Z-C-II-1-SE-A.tif,0.01073,0.00119,0,1031.84,983.69,fora_de_nivel,1
MDT_SG-22-Z-C-II-1-SE-B.tif,0.01141,0.00167,0,70.82,318.77,fora_de_nivel,1
MDT_SG-22-Z-C-II-1-SE-C.tif,0.01042,0.00106,0,1041.75,1128.45,fora_de_nivel,1
MDT_SG-22-Z-C-II-1-SE-D.tif,0.01152,0.0017,0,216.67,260.15,fora_de_nivel,1
MDT_SG-22-Z-C-II-1-SE-E.tif,0.01134,0.00149,0,986.82,1067.11,fora_de_nivel,1
MDT_SG-22-Z-C-II-1-SE-F.tif,0.01249,0.00218,0,92.4,357.22,fora_de_nivel,1
MDT_SG-22-Z-C-II-1-SO-A.tif,0.00852,0.0003,0,981.29,47.11,fora_de_nivel,1
MDT_SG-22-Z-C-II-1-SO-B.tif,0.00957,0.00068,0,1041.52,52.43,fora_de_nivel,1
MDT_SG-22-Z-C-II-1-SO-C.tif,0.00858,0.00029,0,1009.05,65.95,fora_de_nivel,1
MDT_SG-22-Z-C-II-1-SO-D.tif,0.00954,0.00068,0,1053.57,64.4,fora_de_nivel,1
MDT_SG-22-Z-C-II-1-SO-E.tif,0.0094,0.00054,0,951.34,75.23,fora_de_nivel,1
MDT_SG-22-Z-C-II-1-SO-F.tif,0.0103,0.00091,0,994.77,83.52,fora_de_nivel,1
MDT_SG-22-Z-C-II-2-NE-A.tif,0.01445,0.00376,0,59.48,345.34,fora_de_nivel,1
MDT_SG-22-Z-C-II-2-NE-B.tif,0.01557,0.00463,0,-37.06,387.12,fora_de_nivel,1
MDT_SG-22-Z-C-II-2-NE-C.tif,0.01445,0.00376,0,-33.47,365.07,fora_de_nivel,1
MDT_SG-22-Z-C-II-2-NE-D.tif,0.0154,0.00455,0,-32.0,267.19,fora_de_nivel,1
MDT_SG-22-Z-C-II-2-NE-E.tif,0.01468,0.00388,0,70.62,258.37,fora_de_nivel,1
MDT_SG-22-Z-C-II-2-NE-F.tif,0.0154,0.00455,0,-1.81,269.46,furada,1
MDT_SG-22-Z-C-II-2-NO-A.tif,0.01253,0.00242,0,93.73,201.06,fora_de_nivel,1
MDT_SG-22-Z-C-II-2-NO-B.tif,0.01413,0.00337,0,-103.11,367.5,fora_de_nivel,1
MDT_SG-22-Z-C-II-2-NO-C.tif,0.01248,0.00241,0,2.6,132.13,furada,1
MDT_SG-22-Z-C-II-2-NO-D.tif,0.01461,0.00361,0,122.09,220.37,fora_de_nivel,1
MDT_SG-22-Z-C-II-2-NO-E.tif,0.01263,0.00246,0,47.09,116.37,fora_de_nivel,1
MDT_SG-22-Z-C-II-2-NO-F.tif,0.0145,0.00355,0,47.67,169.03,fora_de_nivel,1
MDT_SG-22-Z-C-II-2-SE-A.tif,0.01474,0.00392,0,72.13,242.02,fora_de_nivel,1
MDT_SG-22-Z-C-II-2-SE-B.tif,0.01549,0.00462,0,-12.09,323.59,furada,1
MDT_SG-22-Z-C-II-2-SE-C.tif,0.01441,0.00376,0,115.99,210.16,fora_de_nivel,1
MDT_SG-22-Z-C-II-2-SE-D.tif,0.01573,0.00472,0,-92.81,288.45,fora_de_nivel,1
MDT_SG-22-Z-C-II-2-SE-E.tif,0.01441,0.00376,0,68.14,230.59,fora_de_nivel,1
MDT_SG-22-Z-C-II-2-SE-F.tif,0.01541,0.00455,0,3.96,268.55,furada,1
MDT_SG-22-Z-C-II-2-SO-A.tif,0.01259,0.00246,0,22.64,182.49,fora_de_nivel,1
MDT_SG-22-Z-C-II-2-SO-B.tif,0.01454,0.00357,0,-3.92,152.02,furada,1
MDT_SG-22-Z-C-II-2-SO-C.tif,0.01269,0.00251,0,33.7,152.91,fora_de_nivel,1
MDT_SG-22-Z-C-II-2-SO-D.tif,0.01461,0.00361,0,-2.02,163.09,furada,1
MDT_SG-22-Z-C-II-2-SO-E.tif,0.01357,0.00294,0,84.56,389.52,fora_de_nivel,1
MDT_SG-22-Z-C-II-2-SO-F.tif,0.01555,0.00419,0,69.75,246.07,fora_de_nivel,1
MDT_SG-22-Z-C-II-4-NE-A.tif,0.01459,0.00384,0,151.38,186.74,fora_de_nivel,1
MDT_SG-22-Z-C-II-4-NE-B.tif,0.0155,0.00462,0,18.93,208.12,fora_de_nivel,1
MDT_SG-22-Z-C-II-4-NE-C.tif,0.03588,0.02442,0,27.87,195.53,fora_de_nivel,1
MDT_SG-22-Z-C-II-4-NE-D.tif,0.01549,0.00461,0,86.58,237.13,fora_de_nivel,1
MDT_SG-22-Z-C-II-4-NE-E.tif,0.0143,0.00366,0,-14.41,163.14,furada,1
MDT_SG-22-Z-C-II-4-NE-F.tif,0.01578,0.00476,0,157.16,197.67,fora_de_nivel,1
MDT_SG-22-Z-C-II-4-NO-A.tif,0.01289,0.00261,0,81.45,347.33,fora_de_nivel,1
MDT_SG-22-Z-C-II-4-NO-B.tif,0.01385,0.00328,0,82.84,292.31,fora_de_nivel,1
MDT_SG-22-Z-C-II-4-NO-C.tif,0.01284,0.00256,0,19.54,331.56,fora_de_nivel,1
MDT_SG-22-Z-C-II-4-NO-D.tif,0.01368,0.00321,0,15.05,218.43,fora_de_nivel,1
MDT_SG-22-Z-C-II-4-NO-E.tif,0.01269,0.00251,0,116.22,243.37,fora_de_nivel,1
MDT_SG-22-Z-C-II-4-NO-F.tif,0.01376,0.00322,0,-6.8,46.85,furada,1
MDT_SG-22-Z-C-II-4-SE-A.tif,0.0144,0.00373,0,-7.37,47.14,furada,1
MDT_SG-22-Z-C-II-4-SE-B.tif,0.01572,0.00475,0,33.85,282.14,fora_de_nivel,1
MDT_SG-22-Z-C-II-4-SE-C.tif,0.01448,0.00375,0,-12.63,45.04,furada,1
MDT_SG-22-Z-C-II-4-SE-D.tif,0.01572,0.00475,0,-15.59,52.93,fora_de_nivel,1
MDT_SG-22-Z-C-II-4-SE-E.tif,0.01464,0.00389,0,-7.24,42.36,furada,1
MDT_SG-22-Z-C-II-4-SE-F.tif,0.01572,0.00475,0,-19.57,48.15,fora_de_nivel,1
MDT_SG-22-Z-C-II-4-SO-A.tif,0.01266,0.00253,0,12.05,122.67,furada,1
MDT_SG-22-Z-C-II-4-SO-B.tif,0.01382,0.00326,0,-16.65,41.4,fora_de_nivel,1
MDT_SG-22-Z-C-II-4-SO-C.tif,0.01274,0.00254,0,-1.0,46.31,furada,1
MDT_SG-22-Z-C-II-4-SO-D.tif,0.0136,0.00314,0,-16.5,47.66,fora_de_nivel,1
MDT_SG-22-Z-C-II-4-SO-E.tif,0.01251,0.00242,0,-10.53,39.46,furada,1
MDT_SG-22-Z-C-II-4-SO-F.tif,0.01362,0.00317,0,-7.32,41.47,furada,1
MDT_SG-22-Z-C-III-1-NE-A.tif,0.01866,0.00722,0,5.95,171.02,furada,1
MDT_SG-22-Z-C-III-1-NE-B.tif,0.01962,0.00801,0,-24.24,236.24,fora_de_nivel,1
MDT_SG-22-Z-C-III-1-NE-C.tif,0.01863,0.00715,0,-28.55,158.83,fora_de_nivel,1
MDT_SG-22-Z-C-III-1-NE-D.tif,0.01935,0.00786,0,30.51,288.31,fora_de_nivel,1
MDT_SG-22-Z-C-III-1-NE-E.tif,0.01863,0.00714,0,-28.61,125.22,fora_de_nivel,1
MDT_SG-22-Z-C-III-1-NE-F.tif,0.01935,0.00786,0,-13.33,196.83,furada,1
MDT_SG-22-Z-C-III-1-NO-A.tif,0.01642,0.00538,0,16.91,81.13,fora_de_nivel,1
MDT_SG-22-Z-C-III-1-NO-B.tif,0.01747,0.0062,0,11.82,155.24,furada,1
MDT_SG-22-Z-C-III-1-NO-C.tif,0.01644,0.00539,0,50.98,170.44,fora_de_nivel,1
MDT_SG-22-Z-C-III-1-NO-D.tif,0.01743,0.00621,0,-5.09,135.64,furada,1
MDT_SG-22-Z-C-III-1-NO-E.tif,0.01651,0.0054,0,18.18,114.83,fora_de_nivel,1
MDT_SG-22-Z-C-III-1-NO-F.tif,0.01766,0.00636,0,-21.14,111.81,fora_de_nivel,1
MDT_SG-22-Z-C-III-1-SE-A.tif,0.01857,0.00713,0,-51.99,104.22,fora_de_nivel,1
MDT_SG-22-Z-C-III-1-SE-B.tif,0.01951,0.00795,0,-45.56,136.86,fora_de_nivel,1
MDT_SG-22-Z-C-III-1-SE-C.tif,0.01846,0.00708,0,0.66,103.31,furada,1
MDT_SG-22-Z-C-III-1-SE-D.tif,0.01975,0.00812,0,-49.61,158.24,fora_de_nivel,1
MDT_SG-22-Z-C-III-1-SE-E.tif,0.01846,0.00708,0,-34.57,122.3,fora_de_nivel,1
MDT_SG-22-Z-C-III-1-SE-F.tif,0.01945,0.00793,0,10.34,149.03,furada,1
MDT_SG-22-Z-C-III-1-SO-A.tif,0.01643,0.00538,0,33.74,105.36,fora_de_nivel,1
MDT_SG-22-Z-C-III-1-SO-B.tif,0.01761,0.00631,0,-3.03,82.23,furada,1
MDT_SG-22-Z-C-III-1-SO-C.tif,0.01652,0.00546,0,16.21,194.75,fora_de_nivel,1
MDT_SG-22-Z-C-III-1-SO-D.tif,0.01768,0.00633,0,4.19,84.64,furada,1
MDT_SG-22-Z-C-III-1-SO-E.tif,0.01695,0.00569,0,3.16,192.67,furada,1
MDT_SG-22-Z-C-III-1-SO-F.tif,0.01754,0.00626,0,-3.13,115.04,furada,1
MDT_SG-22-Z-C-III-2-NE-A.tif,0.02249,0.01064,0,12.62,196.41,furada,1
MDT_SG-22-Z-C-III-2-NE-B.tif,0.0234,0.01148,0,-46.89,198.43,fora_de_nivel,1
MDT_SG-22-Z-C-III-2-NE-C.tif,0.02264,0.01073,0,45.11,220.15,fora_de_nivel,1
MDT_SG-22-Z-C-III-2-NE-D.tif,0.0233,0.01142,0,-4.94,222.51,furada,1
MDT_SG-22-Z-C-III-2-NE-E.tif,0.02272,0.01081,0,100.01,365.62,fora_de_nivel,1
MDT_SG-22-Z-C-III-2-NE-F.tif,0.02339,0.0115,0,-2.0,174.5,furada,1
MDT_SG-22-Z-C-III-2-NO-A.tif,0.02029,0.0087,0,-1.58,252.37,furada,1
MDT_SG-22-Z-C-III-2-NO-B.tif,0.0214,0.00964,0,55.69,249.76,fora_de_nivel,1
MDT_SG-22-Z-C-III-2-NO-C.tif,0.02045,0.00879,0,9.66,264.91,furada,1
MDT_SG-22-Z-C-III-2-NO-D.tif,0.02132,0.00962,0,-32.87,200.03,fora_de_nivel,1
MDT_SG-22-Z-C-III-2-NO-E.tif,0.02045,0.00879,0,-67.05,312.99,fora_de_nivel,1
MDT_SG-22-Z-C-III-2-NO-F.tif,0.02153,0.00977,0,-36.54,269.68,fora_de_nivel,1
MDT_SG-22-Z-C-III-2-SE-A.tif,0.02248,0.01064,0,28.15,349.42,fora_de_nivel,1
MDT_SG-22-Z-C-III-2-SE-B.tif,0.02346,0.01153,0,-31.76,173.72,fora_de_nivel,1
MDT_SG-22-Z-C-III-2-SE-C.tif,0.02255,0.01071,0,0.04,199.2,furada,1
MDT_SG-22-Z-C-III-2-SE-D.tif,0.02362,0.01164,0,-9.33,199.45,furada,1
MDT_SG-22-Z-C-III-2-SE-E.tif,0.02253,0.01069,0,-105.33,280.11,fora_de_nivel,1
MDT_SG-22-Z-C-III-2-SE-F.tif,0.0234,0.0115,0,22.46,314.98,fora_de_nivel,1
MDT_SG-22-Z-C-III-2-SO-A.tif,0.02029,0.00869,0,-36.51,109.44,fora_de_nivel,1
MDT_SG-22-Z-C-III-2-SO-B.tif,0.02161,0.0098,0,40.59,257.62,fora_de_nivel,1
MDT_SG-22-Z-C-III-2-SO-C.tif,0.02037,0.00876,0,-39.98,241.71,fora_de_nivel,1
MDT_SG-22-Z-C-III-2-SO-D.tif,0.02168,0.00986,0,20.0,274.54,fora_de_nivel,1
MDT_SG-22-Z-C-III-2-SO-E.tif,0.02072,0.00899,0,-18.6,214.13,fora_de_nivel,1
MDT_SG-22-Z-C-III-2-SO-F.tif,0.02164,0.00987,0,-12.48,272.23,furada,1
MDT_SG-22-Z-C-III-3-NE-A.tif,0.01853,0.0071,0,-26.8,106.86,fora_de_nivel,1
MDT_SG-22-Z-C-III-3-NE-B.tif,0.01945,0.00793,0,6.54,122.35,furada,1
MDT_SG-22-Z-C-III-3-NE-C.tif,0.01863,0.00718,0,-6.11,79.97,furada,1
MDT_SG-22-Z-C-III-3-NE-D.tif,0.01953,0.008,0,-16.47,94.88,fora_de_nivel,1
MDT_SG-22-Z-C-III-3-NE-E.tif,0.01846,0.00708,0,11.04,116.21,furada,1
MDT_SG-22-Z-C-III-3-NE-F.tif,0.01999,0.00829,0,-51.19,116.05,fora_de_nivel,1
MDT_SG-22-Z-C-III-3-NO-A.tif,0.01704,0.00576,0,11.81,192.65,furada,1
MDT_SG-22-Z-C-III-3-NO-B.tif,0.01775,0.00638,0,-11.05,120.45,furada,1
MDT_SG-22-Z-C-III-3-NO-C.tif,0.01689,0.00568,0,12.17,205.2,furada,1
MDT_SG-22-Z-C-III-3-NO-D.tif,0.01751,0.00627,0,28.0,136.91,fora_de_nivel,1
MDT_SG-22-Z-C-III-3-NO-E.tif,0.01688,0.00568,0,-49.83,200.24,fora_de_nivel,1
MDT_SG-22-Z-C-III-3-NO-F.tif,0.01759,0.00629,0,73.84,185.82,fora_de_nivel,1
MDT_SG-22-Z-C-III-3-SE-A.tif,0.01854,0.00713,0,27.1,180.38,fora_de_nivel,1
MDT_SG-22-Z-C-III-3-SE-B.tif,0.01982,0.00819,0,-37.53,138.11,fora_de_nivel,1
MDT_SG-22-Z-C-III-3-SE-C.tif,0.01892,0.00738,0,-41.94,177.84,fora_de_nivel,1
MDT_SG-22-Z-C-III-3-SE-D.tif,0.01991,0.00826,0,-7.2,81.23,furada,1
MDT_SG-22-Z-C-III-3-SE-E.tif,0.01878,0.0073,0,-25.97,241.65,fora_de_nivel,1
MDT_SG-22-Z-C-III-3-SE-F.tif,0.01997,0.00833,0,47.71,315.81,fora_de_nivel,1
MDT_SG-22-Z-C-III-3-SO-A.tif,0.01696,0.00573,0,-21.54,207.07,fora_de_nivel,1
MDT_SG-22-Z-C-III-3-SO-B.tif,0.01745,0.00621,0,61.62,170.58,fora_de_nivel,1
MDT_SG-22-Z-C-III-3-SO-C.tif,0.01694,0.00571,0,-5.59,186.14,furada,1
MDT_SG-22-Z-C-III-3-SO-D.tif,0.01751,0.00627,0,152.01,169.31,fora_de_nivel,1
MDT_SG-22-Z-C-III-3-SO-E.tif,0.01686,0.00566,0,-3.2,47.53,furada,1
MDT_SG-22-Z-C-III-3-SO-F.tif,0.01756,0.0063,0,71.52,212.91,fora_de_nivel,1
MDT_SG-22-Z-C-III-4-NE-A.tif,0.02265,0.01077,0,-39.62,191.47,fora_de_nivel,1
MDT_SG-22-Z-C-III-4-NE-B.tif,0.0234,0.0115,0,-23.95,285.87,fora_de_nivel,1
MDT_SG-22-Z-C-III-4-NE-C.tif,0.02265,0.01077,0,-76.32,140.78,fora_de_nivel,1
MDT_SG-22-Z-C-III-4-NE-D.tif,0.0236,0.01165,0,-44.6,226.53,fora_de_nivel,1
MDT_SG-22-Z-C-III-4-NE-E.tif,0.0226,0.01075,0,-99.15,199.77,fora_de_nivel,1
MDT_SG-22-Z-C-III-4-NE-F.tif,0.02379,0.01178,0,-47.05,278.42,fora_de_nivel,1
MDT_SG-22-Z-C-III-4-NO-A.tif,0.02066,0.00893,0,-51.24,206.59,fora_de_nivel,1
MDT_SG-22-Z-C-III-4-NO-B.tif,0.02176,0.00997,0,-36.67,238.98,fora_de_nivel,1
MDT_SG-22-Z-C-III-4-NO-C.tif,0.02058,0.0089,0,-46.18,138.27,fora_de_nivel,1
MDT_SG-22-Z-C-III-4-NO-D.tif,0.0217,0.00994,0,6.1,219.33,furada,1
MDT_SG-22-Z-C-III-4-NO-E.tif,0.0207,0.009,0,-19.61,132.73,fora_de_nivel,1
MDT_SG-22-Z-C-III-4-NO-F.tif,0.02179,0.00998,0,6.39,218.93,furada,1
MDT_SG-22-Z-C-III-4-SE-A.tif,0.02254,0.01071,0,-20.44,225.79,fora_de_nivel,1
MDT_SG-22-Z-C-III-4-SE-B.tif,0.02369,0.01171,0,-57.56,209.06,fora_de_nivel,1
MDT_SG-22-Z-C-III-4-SE-C.tif,0.0231,0.0111,0,-48.36,177.09,fora_de_nivel,1
MDT_SG-22-Z-C-III-4-SE-D.tif,0.02369,0.01171,0,-44.04,160.48,fora_de_nivel,1
MDT_SG-22-Z-C-III-4-SE-E.tif,0.02283,0.01093,0,-3.95,184.85,furada,1
MDT_SG-22-Z-C-III-4-SE-F.tif,0.0236,0.01168,0,-46.56,188.21,fora_de_nivel,1
MDT_SG-22-Z-C-III-4-SO-A.tif,0.02058,0.00894,0,1.6,104.7,furada,1
MDT_SG-22-Z-C-III-4-SO-B.tif,0.02163,0.00988,0,14.08,153.65,furada,1
MDT_SG-22-Z-C-III-4-SO-C.tif,0.02074,0.00903,0,4.27,125.03,furada,1
MDT_SG-22-Z-C-III-4-SO-D.tif,0.02163,0.00988,0,24.98,125.64,fora_de_nivel,1
MDT_SG-22-Z-C-III-4-SO-E.tif,0.02058,0.00892,0,33.41,124.66,fora_de_nivel,1
MDT_SG-22-Z-C-III-4-SO-F.tif,0.0217,0.00992,0,-15.54,162.46,fora_de_nivel,1
MDT_SG-22-Z-C-V-2-NE-A.tif,0.01475,0.00397,0,-18.31,37.81,fora_de_nivel,1
MDT_SG-22-Z-C-V-2-NE-B.tif,0.01587,0.00483,0,-2.09,41.25,furada,1
MDT_SG-22-Z-C-V-2-NE-C.tif,0.01482,0.00398,0,-5.09,37.87,furada,1
MDT_SG-22-Z-C-V-2-NE-D.tif,0.01562,0.00471,0,-23.6,39.78,fora_de_nivel,1
MDT_SG-22-Z-C-V-2-NE-E.tif,0.01482,0.00398,0,2.35,48.74,furada,1
MDT_SG-22-Z-C-V-2-NE-F.tif,0.01572,0.00478,0,-11.52,42.62,furada,1
MDT_SG-22-Z-C-V-2-NO-A.tif,0.01256,0.00245,0,-12.97,46.72,furada,1
MDT_SG-22-Z-C-V-2-NO-B.tif,0.01382,0.00323,0,4.98,39.51,furada,1
MDT_SG-22-Z-C-V-2-NO-C.tif,0.01256,0.00245,0,-8.55,75.48,furada,1
MDT_SG-22-Z-C-V-2-NO-D.tif,0.01368,0.00318,0,5.0,46.8,furada,1
MDT_SG-22-Z-C-V-2-NO-E.tif,0.0128,0.00251,0,3.67,95.22,furada,1
MDT_SG-22-Z-C-V-2-NO-F.tif,0.01368,0.00318,0,-2.39,58.27,furada,1
MDT_SG-22-Z-C-V-2-SE-A.tif,0.01475,0.00397,0,-7.76,57.65,furada,1
MDT_SG-22-Z-C-V-2-SE-B.tif,0.01587,0.00486,0,1.54,45.22,furada,1
MDT_SG-22-Z-C-V-2-SE-C.tif,0.01481,0.00402,0,-4.05,48.0,furada,1
MDT_SG-22-Z-C-V-2-SE-D.tif,0.01587,0.00486,0,-5.09,50.67,furada,1
MDT_SG-22-Z-C-V-2-SE-E.tif,0.01473,0.00395,0,856.53,888.37,fora_de_nivel,1
MDT_SG-22-Z-C-V-2-SE-F.tif,0.01587,0.00486,0,851.07,897.9,fora_de_nivel,1
MDT_SG-22-Z-C-V-2-SO-A.tif,0.01253,0.00244,0,11.38,148.99,furada,1
MDT_SG-22-Z-C-V-2-SO-B.tif,0.014,0.0033,0,30.01,152.68,fora_de_nivel,1
MDT_SG-22-Z-C-V-2-SO-C.tif,0.01258,0.00246,0,-32.56,193.88,fora_de_nivel,1
MDT_SG-22-Z-C-V-2-SO-D.tif,0.01391,0.0033,0,30.11,125.6,fora_de_nivel,1
MDT_SG-22-Z-C-V-2-SO-E.tif,0.01265,0.00246,0,865.08,971.25,fora_de_nivel,1
MDT_SG-22-Z-C-V-2-SO-F.tif,0.01378,0.00325,0,869.73,958.67,fora_de_nivel,1
MDT_SG-22-Z-C-V-4-NE-A.tif,0.01466,0.00394,0,962.85,241.27,fora_de_nivel,1
MDT_SG-22-Z-C-V-4-NE-B.tif,0.0158,0.00484,0,893.48,261.65,fora_de_nivel,1
MDT_SG-22-Z-C-V-4-NE-C.tif,0.01466,0.00394,0,1175.49,221.16,fora_de_nivel,1
MDT_SG-22-Z-C-V-4-NE-D.tif,0.01587,0.00486,0,1151.89,245.12,fora_de_nivel,1
MDT_SG-22-Z-C-V-4-NE-E.tif,0.03473,0.02325,0,1082.91,92.78,fora_de_nivel,1
MDT_SG-22-Z-C-V-4-NE-F.tif,0.01572,0.00478,0,1176.62,80.96,fora_de_nivel,1
MDT_SG-22-Z-C-V-4-NO-A.tif,0.01292,0.0026,0,906.44,87.04,fora_de_nivel,1
MDT_SG-22-Z-C-V-4-NO-B.tif,0.01384,0.00329,0,890.21,39.45,fora_de_nivel,1
MDT_SG-22-Z-C-V-4-NO-C.tif,0.01278,0.00255,0,931.03,118.65,fora_de_nivel,1
MDT_SG-22-Z-C-V-4-NO-D.tif,0.01391,0.0033,0,939.17,210.4,fora_de_nivel,1
MDT_SG-22-Z-C-V-4-NO-E.tif,0.01293,0.00259,0,935.46,115.64,fora_de_nivel,1
MDT_SG-22-Z-C-V-4-NO-F.tif,0.01375,0.00326,0,1030.08,105.57,fora_de_nivel,1
MDT_SG-22-Z-C-V-4-SE-A.tif,0.01483,0.00402,0,1130.95,82.47,fora_de_nivel,1
MDT_SG-22-Z-C-V-4-SE-B.tif,0.016,0.00497,0,1203.49,76.52,fora_de_nivel,1
MDT_SG-22-Z-C-V-4-SE-C.tif,0.01466,0.00393,0,1199.7,95.02,fora_de_nivel,1
MDT_SG-22-Z-C-V-4-SE-D.tif,0.0161,0.00499,0,1305.96,137.5,fora_de_nivel,1
MDT_SG-22-Z-C-V-4-SE-E.tif,0.01472,0.00397,0,1257.15,70.5,fora_de_nivel,1
MDT_SG-22-Z-C-V-4-SE-F.tif,0.01594,0.00491,0,1255.57,91.05,fora_de_nivel,1
MDT_SG-22-Z-C-V-4-SO-A.tif,0.01303,0.00268,0,1050.74,116.45,fora_de_nivel,1
MDT_SG-22-Z-C-V-4-SO-B.tif,0.01375,0.00326,0,1095.43,99.62,fora_de_nivel,1
MDT_SG-22-Z-C-V-4-SO-C.tif,0.01297,0.00268,0,1092.54,118.99,fora_de_nivel,1
MDT_SG-22-Z-C-V-4-SO-D.tif,0.01382,0.00328,0,1199.63,114.22,fora_de_nivel,1
MDT_SG-22-Z-C-V-4-SO-E.tif,0.01312,0.00273,0,1146.94,76.86,fora_de_nivel,1
MDT_SG-22-Z-C-V-4-SO-F.tif,0.01375,0.00326,0,1199.46,63.81,fora_de_nivel,1
MDT_SG-22-Z-C-VI-1-NE-A.tif,0.01872,0.00724,0,7.75,219.33,furada,1
MDT_SG-22-Z-C-VI-1-NE-B.tif,0.01994,0.0083,0,69.13,295.56,fora_de_nivel,1
MDT_SG-22-Z-C-VI-1-NE-C.tif,0.01892,0.00738,0,-8.06,77.07,furada,1
MDT_SG-22-Z-C-VI-1-NE-D.tif,0.01992,0.0083,0,11.78,331.98,furada,1
MDT_SG-22-Z-C-VI-1-NE-E.tif,0.01903,0.00747,0,-10.94,84.51,furada,1
MDT_SG-22-Z-C-VI-1-NE-F.tif,0.01992,0.0083,0,-5.82,258.13,furada,1
MDT_SG-22-Z-C-VI-1-NO-A.tif,0.01689,0.0057,0,-7.93,35.6,furada,1
MDT_SG-22-Z-C-VI-1-NO-B.tif,0.01764,0.00633,0,-8.62,73.72,furada,1
MDT_SG-22-Z-C-VI-1-NO-C.tif,0.01694,0.00571,0,-8.12,67.15,furada,1
MDT_SG-22-Z-C-VI-1-NO-D.tif,0.01752,0.00627,0,-4.19,170.66,furada,1
MDT_SG-22-Z-C-VI-1-NO-E.tif,0.0171,0.00579,0,-25.31,61.35,fora_de_nivel,1
MDT_SG-22-Z-C-VI-1-NO-F.tif,0.01774,0.00641,0,-6.06,163.55,furada,1
MDT_SG-22-Z-C-VI-1-SE-A.tif,0.01876,0.00733,0,-8.71,52.2,furada,1
MDT_SG-22-Z-C-VI-1-SE-B.tif,0.02,0.00833,0,-22.44,99.56,fora_de_nivel,1
MDT_SG-22-Z-C-VI-1-SE-C.tif,0.01894,0.00746,0,-8.88,54.86,furada,1
MDT_SG-22-Z-C-VI-1-SE-D.tif,0.02009,0.00841,0,-10.97,52.63,furada,1
MDT_SG-22-Z-C-VI-1-SE-E.tif,0.01894,0.00744,0,859.1,887.87,fora_de_nivel,1
MDT_SG-22-Z-C-VI-1-SE-F.tif,0.02007,0.0084,0,847.87,890.91,fora_de_nivel,1
MDT_SG-22-Z-C-VI-1-SO-A.tif,0.01688,0.0057,0,-10.3,44.35,furada,1
MDT_SG-22-Z-C-VI-1-SO-B.tif,0.01796,0.00651,0,-13.45,43.91,furada,1
MDT_SG-22-Z-C-VI-1-SO-C.tif,0.01687,0.00569,0,-5.19,108.83,furada,1
MDT_SG-22-Z-C-VI-1-SO-D.tif,0.01791,0.00651,0,-11.35,123.99,furada,1
MDT_SG-22-Z-C-VI-1-SO-E.tif,0.01695,0.00572,0,848.94,897.84,fora_de_nivel,1
MDT_SG-22-Z-C-VI-1-SO-F.tif,0.01783,0.00647,0,853.11,967.05,fora_de_nivel,1
MDT_SG-22-Z-C-VI-2-NE-A.tif,0.02291,0.01097,0,12.94,195.82,furada,1
MDT_SG-22-Z-C-VI-2-NE-B.tif,0.02374,0.01176,0,-13.74,195.65,furada,1
MDT_SG-22-Z-C-VI-2-NE-C.tif,0.02301,0.01106,0,-16.5,208.56,fora_de_nivel,1
MDT_SG-22-Z-C-VI-2-NE-D.tif,0.0237,0.01175,0,32.38,236.91,fora_de_nivel,1
MDT_SG-22-Z-C-VI-2-NE-E.tif,0.02308,0.01112,0,28.89,244.36,fora_de_nivel,1
MDT_SG-22-Z-C-VI-2-NE-F.tif,0.02378,0.01182,0,2.16,226.19,furada,1
MDT_SG-22-Z-C-VI-2-NO-A.tif,0.02064,0.00898,0,38.42,165.12,fora_de_nivel,1
MDT_SG-22-Z-C-VI-2-NO-B.tif,0.02199,0.01013,0,-17.93,152.74,fora_de_nivel,1
MDT_SG-22-Z-C-VI-2-NO-C.tif,0.02075,0.00907,0,19.0,386.48,fora_de_nivel,1
MDT_SG-22-Z-C-VI-2-NO-D.tif,0.02185,0.01004,0,6.34,316.55,furada,1
MDT_SG-22-Z-C-VI-2-NO-E.tif,0.02099,0.0092,0,-50.09,223.86,fora_de_nivel,1
MDT_SG-22-Z-C-VI-2-NO-F.tif,0.02192,0.01009,0,48.72,390.2,fora_de_nivel,1
MDT_SG-22-Z-C-VI-2-SE-A.tif,0.02291,0.01099,0,-9.03,313.16,furada,1
MDT_SG-22-Z-C-VI-2-SE-B.tif,0.02378,0.01182,0,49.79,268.09,fora_de_nivel,1
MDT_SG-22-Z-C-VI-2-SE-C.tif,0.02314,0.01119,0,-21.19,430.85,fora_de_nivel,1
MDT_SG-22-Z-C-VI-2-SE-D.tif,0.02386,0.01186,0,35.16,314.3,fora_de_nivel,1
MDT_SG-22-Z-C-VI-2-SE-E.tif,0.02308,0.01115,0,904.76,1157.69,fora_de_nivel,1
MDT_SG-22-Z-C-VI-2-SE-F.tif,0.02415,0.01209,0,971.07,988.95,fora_de_nivel,1
MDT_SG-22-Z-C-VI-2-SO-A.tif,0.0209,0.00917,0,-6.74,144.52,furada,1
MDT_SG-22-Z-C-VI-2-SO-B.tif,0.02206,0.01018,0,36.75,259.63,fora_de_nivel,1
MDT_SG-22-Z-C-VI-2-SO-C.tif,0.02099,0.00925,0,-14.02,84.9,furada,1
MDT_SG-22-Z-C-VI-2-SO-D.tif,0.02199,0.01012,0,-11.07,211.44,furada,1
MDT_SG-22-Z-C-VI-2-SO-E.tif,0.02105,0.00926,0,862.37,895.76,fora_de_nivel,1
MDT_SG-22-Z-C-VI-2-SO-F.tif,0.02183,0.01005,0,892.5,1071.75,fora_de_nivel,1
MDT_SG-22-Z-C-VI-3-NE-A.tif,0.01893,0.00743,0,953.67,235.76,fora_de_nivel,1
MDT_SG-22-Z-C-VI-3-NE-B.tif,0.02001,0.00837,0,860.0,35.52,fora_de_nivel,1
MDT_SG-22-Z-C-VI-3-NE-C.tif,0.01886,0.00741,0,1058.16,198.13,fora_de_nivel,1
MDT_SG-22-Z-C-VI-3-NE-D.tif,0.02017,0.00848,0,858.68,44.83,fora_de_nivel,1
MDT_SG-22-Z-C-VI-3-NE-E.tif,0.01886,0.00741,0,1101.25,222.94,fora_de_nivel,1
MDT_SG-22-Z-C-VI-3-NE-F.tif,0.02001,0.00838,0,885.0,246.54,fora_de_nivel,1
MDT_SG-22-Z-C-VI-3-NO-A.tif,0.01702,0.00577,0,937.44,220.89,fora_de_nivel,1
MDT_SG-22-Z-C-VI-3-NO-B.tif,0.01784,0.00653,0,875.97,175.03,fora_de_nivel,1
MDT_SG-22-Z-C-VI-3-NO-C.tif,0.01689,0.0057,0,1178.04,222.91,fora_de_nivel,1
MDT_SG-22-Z-C-VI-3-NO-D.tif,0.01798,0.00661,0,1075.11,209.73,fora_de_nivel,1
MDT_SG-22-Z-C-VI-3-NO-E.tif,0.01696,0.00572,0,1238.86,89.16,fora_de_nivel,1
MDT_SG-22-Z-C-VI-3-NO-F.tif,0.01785,0.00654,0,1286.9,146.27,fora_de_nivel,1
MDT_SG-22-Z-C-VI-3-SE-A.tif,0.01894,0.00743,0,1246.82,319.76,fora_de_nivel,1
MDT_SG-22-Z-C-VI-3-SE-B.tif,0.02003,0.00839,0,1008.79,245.46,fora_de_nivel,1
MDT_SG-22-Z-C-VI-3-SE-C.tif,0.01907,0.00754,0,1414.6,226.26,fora_de_nivel,1
MDT_SG-22-Z-C-VI-3-SE-D.tif,0.02013,0.00844,0,1202.48,270.62,fora_de_nivel,1
MDT_SG-22-Z-C-VI-3-SE-E.tif,0.01907,0.00754,0,1398.44,143.51,fora_de_nivel,1
MDT_SG-22-Z-C-VI-3-SE-F.tif,0.02005,0.00841,0,1325.6,225.8,fora_de_nivel,1
MDT_SG-22-Z-C-VI-3-SO-A.tif,0.01703,0.00578,0,1288.49,146.51,fora_de_nivel,1
MDT_SG-22-Z-C-VI-3-SO-B.tif,0.01791,0.00659,0,1388.06,178.3,fora_de_nivel,1
MDT_SG-22-Z-C-VI-3-SO-C.tif,0.01688,0.00574,0,1334.81,118.46,fora_de_nivel,1
MDT_SG-22-Z-C-VI-3-SO-D.tif,0.018,0.00661,0,1432.87,139.83,fora_de_nivel,1
MDT_SG-22-Z-C-VI-3-SO-E.tif,0.01689,0.00574,0,1239.26,110.14,fora_de_nivel,1
MDT_SG-22-Z-C-VI-3-SO-F.tif,0.01785,0.00654,0,1319.94,84.66,fora_de_nivel,1
MDT_SG-22-Z-C-VI-4-NE-A.tif,0.02315,0.01118,0,894.89,180.61,fora_de_nivel,1
MDT_SG-22-Z-C-VI-4-NE-B.tif,0.024,0.01199,0,1000.17,239.05,fora_de_nivel,1
MDT_SG-22-Z-C-VI-4-NE-C.tif,0.02302,0.0111,0,905.64,287.31,fora_de_nivel,1
MDT_SG-22-Z-C-VI-4-NE-D.tif,0.024,0.01199,0,891.17,245.68,fora_de_nivel,1
MDT_SG-22-Z-C-VI-4-NE-E.tif,0.02312,0.01119,0,883.21,199.67,fora_de_nivel,1
MDT_SG-22-Z-C-VI-4-NE-F.tif,0.02405,0.01203,0,919.04,320.93,fora_de_nivel,1
MDT_SG-22-Z-C-VI-4-NO-A.tif,0.02105,0.00926,0,855.6,36.04,fora_de_nivel,1
MDT_SG-22-Z-C-VI-4-NO-B.tif,0.02182,0.01005,0,869.88,132.56,fora_de_nivel,1
MDT_SG-22-Z-C-VI-4-NO-C.tif,0.02099,0.00924,0,891.49,208.64,fora_de_nivel,1
MDT_SG-22-Z-C-VI-4-NO-D.tif,0.02207,0.01023,0,866.39,96.64,fora_de_nivel,1
MDT_SG-22-Z-C-VI-4-NO-E.tif,0.02089,0.00919,0,877.57,162.54,fora_de_nivel,1
MDT_SG-22-Z-C-VI-4-NO-F.tif,0.02216,0.0103,0,970.44,238.52,fora_de_nivel,1
MDT_SG-22-Z-C-VI-4-SE-A.tif,0.02321,0.01123,0,1157.72,237.46,fora_de_nivel,1
MDT_SG-22-Z-C-VI-4-SE-B.tif,0.02443,0.01202,0,1213.69,260.66,fora_de_nivel,1
MDT_SG-22-Z-C-VI-4-SE-C.tif,0.02324,0.01126,0,1022.11,234.07,fora_de_nivel,1
MDT_SG-22-Z-C-VI-4-SE-D.tif,0.02403,0.01205,0,1240.61,255.92,fora_de_nivel,1
MDT_SG-22-Z-C-VI-4-SE-E.tif,0.02313,0.01119,0,910.87,188.58,fora_de_nivel,1
MDT_SG-22-Z-C-VI-4-SE-F.tif,0.02416,0.01213,0,1016.29,215.48,fora_de_nivel,1
MDT_SG-22-Z-C-VI-4-SO-A.tif,0.02097,0.00922,0,879.29,135.76,fora_de_nivel,1
MDT_SG-22-Z-C-VI-4-SO-B.tif,0.02201,0.01021,0,1067.92,231.24,fora_de_nivel,1
MDT_SG-22-Z-C-VI-4-SO-C.tif,0.021,0.00929,0,972.1,242.9,fora_de_nivel,1
MDT_SG-22-Z-C-VI-4-SO-D.tif,0.02208,0.01027,0,982.26,318.47,fora_de_nivel,1
MDT_SG-22-Z-C-VI-4-SO-E.tif,0.02101,0.0093,0,1170.1,219.63,fora_de_nivel,1
MDT_SG-22-Z-C-VI-4-SO-F.tif,0.02236,0.01045,0,1004.73,234.91,fora_de_nivel,1
MDT_SG-22-Z-D-I-1-NE-A.tif,0.02642,0.0143,0,-54.09,254.34,fora_de_nivel,1
MDT_SG-22-Z-D-I-1-NE-B.tif,0.02734,0.01515,0,-9.01,346.74,furada,1
MDT_SG-22-Z-D-I-1-NE-C.tif,0.0265,0.01434,0,-37.71,280.53,fora_de_nivel,1
MDT_SG-22-Z-D-I-1-NE-D.tif,0.02729,0.01514,0,-34.09,252.91,fora_de_nivel,1
MDT_SG-22-Z-D-I-1-NE-E.tif,0.02647,0.01433,0,-43.72,288.69,fora_de_nivel,1
MDT_SG-22-Z-D-I-1-NE-F.tif,0.02729,0.01514,0,-37.41,255.14,fora_de_nivel,1
MDT_SG-22-Z-D-I-1-NO-A.tif,0.02434,0.01238,0,-1.9,320.47,furada,1
MDT_SG-22-Z-D-I-1-NO-B.tif,0.02533,0.0133,0,30.08,167.06,fora_de_nivel,1
MDT_SG-22-Z-D-I-1-NO-C.tif,0.02442,0.01241,0,-12.12,287.91,furada,1
MDT_SG-22-Z-D-I-1-NO-D.tif,0.02533,0.0133,0,-20.43,303.35,fora_de_nivel,1
MDT_SG-22-Z-D-I-1-NO-E.tif,0.02449,0.01247,0,-5.3,306.22,furada,1
MDT_SG-22-Z-D-I-1-NO-F.tif,0.02562,0.01352,0,-32.92,211.59,fora_de_nivel,1
MDT_SG-22-Z-D-I-1-SE-A.tif,0.02641,0.0143,0,-40.66,257.84,fora_de_nivel,1
MDT_SG-22-Z-D-I-1-SE-B.tif,0.02754,0.01536,0,-58.05,255.7,fora_de_nivel,1
MDT_SG-22-Z-D-I-1-SE-C.tif,0.02642,0.01431,0,-0.35,226.44,furada,1
MDT_SG-22-Z-D-I-1-SE-D.tif,0.0277,0.01546,0,-35.22,166.99,fora_de_nivel,1
MDT_SG-22-Z-D-I-1-SE-E.tif,0.02648,0.01438,0,54.17,302.9,fora_de_nivel,1
MDT_SG-22-Z-D-I-1-SE-F.tif,0.0274,0.01524,0,32.22,240.27,fora_de_nivel,1
MDT_SG-22-Z-D-I-1-SO-A.tif,0.02442,0.01244,0,17.42,296.09,fora_de_nivel,1
MDT_SG-22-Z-D-I-1-SO-B.tif,0.0257,0.01356,0,-59.31,228.33,fora_de_nivel,1
MDT_SG-22-Z-D-I-1-SO-C.tif,0.02463,0.01261,0,-71.4,301.96,fora_de_nivel,1
MDT_SG-22-Z-D-I-1-SO-D.tif,0.02569,0.01356,0,18.64,201.18,fora_de_nivel,1
MDT_SG-22-Z-D-I-1-SO-E.tif,0.02486,0.01278,0,-66.57,296.88,fora_de_nivel,1
MDT_SG-22-Z-D-I-1-SO-F.tif,0.02555,0.01346,0,-46.94,200.54,fora_de_nivel,1
MDT_SG-22-Z-D-I-2-NE-A.tif,0.0304,0.01808,0,7.04,289.21,furada,1
MDT_SG-22-Z-D-I-2-NE-B.tif,0.03126,0.01891,0,-0.89,228.43,furada,1
MDT_SG-22-Z-D-I-2-NE-C.tif,0.03055,0.01819,0,-13.37,257.25,furada,1
MDT_SG-22-Z-D-I-2-NE-D.tif,0.03118,0.01887,0,34.93,279.88,fora_de_nivel,1
MDT_SG-22-Z-D-I-2-NE-E.tif,0.03046,0.01814,0,15.49,225.47,fora_de_nivel,1
MDT_SG-22-Z-D-I-2-NE-F.tif,0.03119,0.01887,0,35.79,254.09,fora_de_nivel,1
MDT_SG-22-Z-D-I-2-NO-A.tif,0.0283,0.0161,0,-36.25,297.69,fora_de_nivel,1
MDT_SG-22-Z-D-I-2-NO-B.tif,0.02939,0.01712,0,-11.52,270.79,furada,1
MDT_SG-22-Z-D-I-2-NO-C.tif,0.02839,0.01615,0,-57.16,276.19,fora_de_nivel,1
MDT_SG-22-Z-D-I-2-NO-D.tif,0.02943,0.01716,0,17.21,274.3,fora_de_nivel,1
MDT_SG-22-Z-D-I-2-NO-E.tif,0.02849,0.01625,0,-53.74,152.73,fora_de_nivel,1
MDT_SG-22-Z-D-I-2-NO-F.tif,0.02945,0.01718,0,5.2,174.5,furada,1
MDT_SG-22-Z-D-I-2-SE-A.tif,0.03032,0.01803,0,48.08,307.31,fora_de_nivel,1
MDT_SG-22-Z-D-I-2-SE-B.tif,0.03118,0.01887,0,20.23,189.19,fora_de_nivel,1
MDT_SG-22-Z-D-I-2-SE-C.tif,0.03029,0.01799,0,-13.75,218.41,furada,1
MDT_SG-22-Z-D-I-2-SE-D.tif,0.03142,0.01903,0,2.62,208.61,furada,1
MDT_SG-22-Z-D-I-2-SE-E.tif,0.03029,0.01799,0,0.73,283.35,furada,1
MDT_SG-22-Z-D-I-2-SE-F.tif,0.03163,0.01922,0,-2.33,239.68,furada,1
MDT_SG-22-Z-D-I-2-SO-A.tif,0.02842,0.01621,0,-22.62,163.59,fora_de_nivel,1
MDT_SG-22-Z-D-I-2-SO-B.tif,0.02953,0.01725,0,10.38,259.68,furada,1
MDT_SG-22-Z-D-I-2-SO-C.tif,0.02861,0.01636,0,22.46,295.04,fora_de_nivel,1
MDT_SG-22-Z-D-I-2-SO-D.tif,0.02968,0.01735,0,36.83,257.35,fora_de_nivel,1
MDT_SG-22-Z-D-I-2-SO-E.tif,0.02877,0.01648,0,14.33,356.33,furada,1
MDT_SG-22-Z-D-I-2-SO-F.tif,0.02958,0.0173,0,-17.05,291.28,fora_de_nivel,1
MDT_SG-22-Z-D-I-3-NE-A.tif,0.02665,0.0145,0,52.76,249.74,fora_de_nivel,1
MDT_SG-22-Z-D-I-3-NE-B.tif,0.0277,0.01549,0,-59.6,279.22,fora_de_nivel,1
MDT_SG-22-Z-D-I-3-NE-C.tif,0.02664,0.0145,0,33.77,307.01,fora_de_nivel,1
MDT_SG-22-Z-D-I-3-NE-D.tif,0.0277,0.01549,0,-62.44,224.51,fora_de_nivel,1
MDT_SG-22-Z-D-I-3-NE-E.tif,0.02669,0.01455,0,-48.69,429.29,fora_de_nivel,1
MDT_SG-22-Z-D-I-3-NE-F.tif,0.02782,0.01558,0,31.07,292.21,fora_de_nivel,1
MDT_SG-22-Z-D-I-3-NO-A.tif,0.0248,0.01273,0,-36.03,279.48,fora_de_nivel,1
MDT_SG-22-Z-D-I-3-NO-B.tif,0.02566,0.01356,0,50.58,295.9,fora_de_nivel,1
MDT_SG-22-Z-D-I-3-NO-C.tif,0.02465,0.01262,0,62.2,181.74,fora_de_nivel,1
MDT_SG-22-Z-D-I-3-NO-D.tif,0.02553,0.01347,0,-15.03,272.55,fora_de_nivel,1
MDT_SG-22-Z-D-I-3-NO-E.tif,0.02465,0.01264,0,-32.15,170.68,fora_de_nivel,1
MDT_SG-22-Z-D-I-3-NO-F.tif,0.02576,0.01366,0,24.21,203.11,fora_de_nivel,1
MDT_SG-22-Z-D-I-3-SE-A.tif,0.02679,0.01462,0,-86.56,300.48,fora_de_nivel,1
MDT_SG-22-Z-D-I-3-SE-B.tif,0.02777,0.01555,0,39.44,290.82,fora_de_nivel,1
MDT_SG-22-Z-D-I-3-SE-C.tif,0.02686,0.01465,0,-69.15,336.31,fora_de_nivel,1
MDT_SG-22-Z-D-I-3-SE-D.tif,0.02761,0.01544,0,12.6,317.87,furada,1
MDT_SG-22-Z-D-I-3-SE-E.tif,0.02689,0.01468,0,-33.19,262.58,fora_de_nivel,1
MDT_SG-22-Z-D-I-3-SE-F.tif,0.0276,0.01543,0,8.32,323.47,furada,1
MDT_SG-22-Z-D-I-3-SO-A.tif,0.02462,0.01263,0,-7.1,221.51,furada,1
MDT_SG-22-Z-D-I-3-SO-B.tif,0.02578,0.01367,0,37.5,272.56,fora_de_nivel,1
MDT_SG-22-Z-D-I-3-SO-C.tif,0.02482,0.01276,0,-19.58,157.17,fora_de_nivel,1
MDT_SG-22-Z-D-I-3-SO-D.tif,0.02571,0.01364,0,3.36,185.5,furada,1
MDT_SG-22-Z-D-I-3-SO-E.tif,0.02483,0.0128,0,-52.59,155.69,fora_de_nivel,1
MDT_SG-22-Z-D-I-3-SO-F.tif,0.02611,0.01394,0,-28.96,104.63,fora_de_nivel,1
MDT_SG-22-Z-D-I-4-NE-A.tif,0.03037,0.01804,0,-50.92,232.51,fora_de_nivel,1
MDT_SG-22-Z-D-I-4-NE-B.tif,0.03157,0.01919,0,68.07,318.01,fora_de_nivel,1
MDT_SG-22-Z-D-I-4-NE-C.tif,0.03064,0.01827,0,0.41,197.18,furada,1
MDT_SG-22-Z-D-I-4-NE-D.tif,0.03157,0.01919,0,14.58,170.71,furada,1
MDT_SG-22-Z-D-I-4-NE-E.tif,0.03123,0.01875,0,53.34,335.14,fora_de_nivel,1
MDT_SG-22-Z-D-I-4-NE-F.tif,0.03155,0.0192,0,-45.87,201.69,fora_de_nivel,1
MDT_SG-22-Z-D-I-4-NO-A.tif,0.02871,0.01641,0,-23.9,300.79,fora_de_nivel,1
MDT_SG-22-Z-D-I-4-NO-B.tif,0.02958,0.0173,0,-18.74,208.22,fora_de_nivel,1
MDT_SG-22-Z-D-I-4-NO-C.tif,0.02876,0.0165,0,47.28,312.75,fora_de_nivel,1
MDT_SG-22-Z-D-I-4-NO-D.tif,0.02951,0.01725,0,23.07,254.12,fora_de_nivel,1
MDT_SG-22-Z-D-I-4-NO-E.tif,0.02854,0.01633,0,17.63,199.96,fora_de_nivel,1
MDT_SG-22-Z-D-I-4-NO-F.tif,0.02952,0.01724,0,-60.14,275.92,fora_de_nivel,1
MDT_SG-22-Z-D-I-4-SE-A.tif,0.03068,0.01833,0,16.86,229.92,fora_de_nivel,1
MDT_SG-22-Z-D-I-4-SE-B.tif,0.03164,0.01926,0,29.72,236.78,fora_de_nivel,1
MDT_SG-22-Z-D-I-4-SE-C.tif,0.03058,0.01826,0,-12.78,202.82,furada,1
MDT_SG-22-Z-D-I-4-SE-D.tif,0.03164,0.01926,0,69.38,262.75,fora_de_nivel,1
MDT_SG-22-Z-D-I-4-SE-E.tif,0.03065,0.01831,0,22.46,209.47,fora_de_nivel,1
MDT_SG-22-Z-D-I-4-SE-F.tif,0.0315,0.01916,0,33.41,244.65,fora_de_nivel,1
MDT_SG-22-Z-D-I-4-SO-A.tif,0.02861,0.01638,0,-31.39,144.93,fora_de_nivel,1
MDT_SG-22-Z-D-I-4-SO-B.tif,0.02969,0.01737,0,-14.33,207.07,furada,1
MDT_SG-22-Z-D-I-4-SO-C.tif,0.02871,0.01647,0,4.13,271.29,furada,1
MDT_SG-22-Z-D-I-4-SO-D.tif,0.02969,0.0174,0,19.8,171.58,fora_de_nivel,1
MDT_SG-22-Z-D-I-4-SO-E.tif,0.02865,0.01638,0,-8.4,242.18,furada,1
MDT_SG-22-Z-D-I-4-SO-F.tif,0.02984,0.01752,0,-1.13,155.33,furada,1
MDT_SG-22-Z-D-II-1-NE-A.tif,0.03421,0.02177,0,-2.84,78.47,furada,1
MDT_SG-22-Z-D-II-1-NE-B.tif,0.03512,0.02267,0,-12.13,119.88,furada,1
MDT_SG-22-Z-D-II-1-NE-C.tif,0.03419,0.02178,0,-18.91,130.31,fora_de_nivel,1
MDT_SG-22-Z-D-II-1-NE-D.tif,0.03519,0.02274,0,-10.51,142.41,furada,1
MDT_SG-22-Z-D-II-1-NE-E.tif,0.03424,0.0218,0,-20.21,138.65,fora_de_nivel,1
MDT_SG-22-Z-D-II-1-NE-F.tif,0.03505,0.02263,0,1.93,152.79,furada,1
MDT_SG-22-Z-D-II-1-NO-A.tif,0.03201,0.01967,0,-16.07,197.56,fora_de_nivel,1
MDT_SG-22-Z-D-II-1-NO-B.tif,0.03333,0.02088,0,19.52,184.48,fora_de_nivel,1
MDT_SG-22-Z-D-II-1-NO-C.tif,0.03212,0.01977,0,-10.5,126.26,furada,1
MDT_SG-22-Z-D-II-1-NO-D.tif,0.03318,0.02076,0,-1.44,113.79,furada,1
MDT_SG-22-Z-D-II-1-NO-E.tif,0.03227,0.01989,0,-1.86,111.97,furada,1
MDT_SG-22-Z-D-II-1-NO-F.tif,0.03337,0.02095,0,-11.93,97.73,furada,1
MDT_SG-22-Z-D-II-1-SE-A.tif,0.03448,0.022,0,-29.22,187.84,fora_de_nivel,1
MDT_SG-22-Z-D-II-1-SE-B.tif,0.03532,0.02287,0,8.33,163.23,furada,1
MDT_SG-22-Z-D-II-1-SE-C.tif,0.03424,0.02182,0,0.61,162.37,furada,1
MDT_SG-22-Z-D-II-1-SE-D.tif,0.03548,0.02299,0,5.35,136.4,furada,1
MDT_SG-22-Z-D-II-1-SE-E.tif,0.03444,0.02199,0,4.11,99.18,furada,1
MDT_SG-22-Z-D-II-1-SE-F.tif,0.03542,0.02293,0,-4.58,72.82,furada,1
MDT_SG-22-Z-D-II-1-SO-A.tif,0.03246,0.02005,0,-3.87,126.44,furada,1
MDT_SG-22-Z-D-II-1-SO-B.tif,0.03327,0.02088,0,-23.16,132.93,fora_de_nivel,1
MDT_SG-22-Z-D-II-1-SO-C.tif,0.03239,0.02001,0,-16.56,189.77,fora_de_nivel,1
MDT_SG-22-Z-D-II-1-SO-D.tif,0.03335,0.02093,0,2.99,183.92,furada,1
MDT_SG-22-Z-D-II-1-SO-E.tif,0.03263,0.02021,0,-14.45,242.67,furada,1
MDT_SG-22-Z-D-II-1-SO-F.tif,0.03335,0.02093,0,10.17,160.39,furada,1
MDT_SG-22-Z-D-II-2-NE-A.tif,0.33943,0.33046,0,-0.72,39.53,furada,1
MDT_SG-22-Z-D-II-2-NE-B.tif,1.0,1.0,2470,nan,nan,vazia,1
MDT_SG-22-Z-D-II-2-NE-C.tif,0.47289,0.46599,0,-3.06,41.33,furada,1
MDT_SG-22-Z-D-II-2-NE-E.tif,0.7127,0.70926,0,-0.18,24.15,furada,1
MDT_SG-22-Z-D-II-2-NE-F.tif,0.95472,0.95347,30,47.76,75.93,fora_de_nivel,1
MDT_SG-22-Z-D-II-2-NO-A.tif,0.03598,0.02352,0,-2.0,91.87,furada,1
MDT_SG-22-Z-D-II-2-NO-B.tif,0.04937,0.03701,0,-0.46,49.65,furada,1
MDT_SG-22-Z-D-II-2-NO-C.tif,0.0362,0.02371,0,1.06,96.17,furada,1
MDT_SG-22-Z-D-II-2-NO-D.tif,0.03734,0.0248,0,-5.26,80.1,furada,1
MDT_SG-22-Z-D-II-2-NO-E.tif,0.0362,0.02371,0,-7.49,118.34,furada,1
MDT_SG-22-Z-D-II-2-NO-F.tif,0.0371,0.02462,0,-1.82,91.08,furada,1
MDT_SG-22-Z-D-II-2-SE-A.tif,0.33372,0.32517,0,-0.01,9.29,furada,1
MDT_SG-22-Z-D-II-2-SE-B.tif,0.42489,0.41723,0,42.18,132.75,fora_de_nivel,1
MDT_SG-22-Z-D-II-2-SE-C.tif,0.07301,0.06066,0,1.94,250.3,furada,1
MDT_SG-22-Z-D-II-2-SE-D.tif,0.52232,0.51636,0,52.35,185.04,fora_de_nivel,1
MDT_SG-22-Z-D-II-2-SE-E.tif,0.6995,0.69585,0,1.64,15.38,furada,1
MDT_SG-22-Z-D-II-2-SE-F.tif,0.96497,0.96479,0,53.88,116.82,fora_de_nivel,1
MDT_SG-22-Z-D-II-2-SO-A.tif,0.03628,0.02377,0,-4.57,94.39,furada,1
MDT_SG-22-Z-D-II-2-SO-B.tif,0.0371,0.02462,0,1.5,67.94,furada,1
MDT_SG-22-Z-D-II-2-SO-C.tif,0.03626,0.02377,0,1.47,90.57,furada,1
MDT_SG-22-Z-D-II-2-SO-D.tif,0.03727,0.02479,0,2.01,63.65,furada,1
MDT_SG-22-Z-D-II-2-SO-E.tif,0.03634,0.02384,0,1.32,47.4,furada,1
MDT_SG-22-Z-D-II-2-SO-F.tif,0.04234,0.02993,0,0.72,35.37,furada,1
MDT_SG-22-Z-D-II-3-NE-A.tif,0.03451,0.02206,0,-0.17,66.9,furada,1
MDT_SG-22-Z-D-II-3-NE-B.tif,0.0354,0.02294,0,0.45,42.88,furada,1
MDT_SG-22-Z-D-II-3-NE-C.tif,0.03459,0.0221,0,-10.28,152.28,furada,1
MDT_SG-22-Z-D-II-3-NE-D.tif,0.03524,0.0228,0,-14.95,174.37,furada,1
MDT_SG-22-Z-D-II-3-NE-E.tif,0.03451,0.02205,0,-46.3,191.87,fora_de_nivel,1
MDT_SG-22-Z-D-II-3-NE-F.tif,0.03543,0.02298,0,22.71,173.6,fora_de_nivel,1
MDT_SG-22-Z-D-II-3-NO-A.tif,0.03239,0.02004,0,12.85,161.38,furada,1
MDT_SG-22-Z-D-II-3-NO-B.tif,0.03341,0.02099,0,5.3,211.26,furada,1
MDT_SG-22-Z-D-II-3-NO-C.tif,0.03246,0.02007,0,-13.42,176.77,furada,1
MDT_SG-22-Z-D-II-3-NO-D.tif,0.03337,0.02097,0,4.84,125.35,furada,1
MDT_SG-22-Z-D-II-3-NO-E.tif,0.03255,0.02015,0,39.7,240.9,fora_de_nivel,1
MDT_SG-22-Z-D-II-3-NO-F.tif,0.03357,0.02114,0,-3.08,187.79,furada,1
MDT_SG-22-Z-D-II-3-SE-A.tif,0.03453,0.0221,0,-45.6,186.81,fora_de_nivel,1
MDT_SG-22-Z-D-II-3-SE-B.tif,0.03542,0.02297,0,23.66,155.22,fora_de_nivel,1
MDT_SG-22-Z-D-II-3-SE-C.tif,0.03453,0.0221,0,17.05,188.44,fora_de_nivel,1
MDT_SG-22-Z-D-II-3-SE-D.tif,0.03577,0.02326,0,4.14,177.24,furada,1
MDT_SG-22-Z-D-II-3-SE-E.tif,0.03453,0.0221,0,50.37,187.5,fora_de_nivel,1
MDT_SG-22-Z-D-II-3-SE-F.tif,0.03577,0.02326,0,1.48,151.76,furada,1
MDT_SG-22-Z-D-II-3-SO-A.tif,0.03239,0.02003,0,28.28,215.07,fora_de_nivel,1
MDT_SG-22-Z-D-II-3-SO-B.tif,0.03372,0.02125,0,-23.04,236.22,fora_de_nivel,1
MDT_SG-22-Z-D-II-3-SO-C.tif,0.03267,0.02027,0,-48.57,246.93,fora_de_nivel,1
MDT_SG-22-Z-D-II-3-SO-D.tif,0.03372,0.02125,0,-14.03,203.23,furada,1
MDT_SG-22-Z-D-II-3-SO-E.tif,0.03276,0.02034,0,-54.23,247.31,fora_de_nivel,1
MDT_SG-22-Z-D-II-3-SO-F.tif,0.03361,0.0212,0,-2.73,231.79,furada,1
MDT_SG-22-Z-D-II-4-NE-A.tif,0.81567,0.81371,0,1.75,2.95,furada,1
MDT_SG-22-Z-D-II-4-NE-B.tif,1.0,1.0,2470,nan,nan,vazia,1
MDT_SG-22-Z-D-II-4-NE-C.tif,0.37951,0.37161,0,1.43,212.13,furada,1
MDT_SG-22-Z-D-II-4-NE-D.tif,0.77084,0.76787,0,52.21,206.97,fora_de_nivel,1
MDT_SG-22-Z-D-II-4-NE-E.tif,0.03899,0.0265,0,-0.27,379.15,furada,1
MDT_SG-22-Z-D-II-4-NE-F.tif,0.58378,0.57846,0,46.28,201.13,fora_de_nivel,1
MDT_SG-22-Z-D-II-4-NO-A.tif,0.04301,0.03064,0,1.04,58.83,furada,1
MDT_SG-22-Z-D-II-4-NO-B.tif,0.07164,0.05959,0,1.24,33.57,furada,1
MDT_SG-22-Z-D-II-4-NO-C.tif,0.03637,0.0239,0,3.22,132.1,furada,1
MDT_SG-22-Z-D-II-4-NO-D.tif,0.03804,0.02549,0,0.84,72.42,furada,1
MDT_SG-22-Z-D-II-4-NO-E.tif,0.03666,0.02413,0,7.64,118.91,furada,1
MDT_SG-22-Z-D-II-4-NO-F.tif,0.03782,0.0253,0,0.17,82.93,furada,1
MDT_SG-22-Z-D-II-4-SE-A.tif,0.06943,0.05728,0,-1.38,110.03,furada,1
MDT_SG-22-Z-D-II-4-SE-B.tif,0.95803,0.95795,0,15.99,58.74,fora_de_nivel,1
MDT_SG-22-Z-D-II-4-SE-C.tif,0.7463,0.743,0,-0.77,45.15,furada,1
MDT_SG-22-Z-D-II-4-SE-D.tif,0.76687,0.76393,0,3.19,55.69,furada,1
MDT_SG-22-Z-D-II-4-SE-E.tif,0.99247,0.99237,30,18.55,23.99,vazia,1
MDT_SG-22-Z-D-II-4-SE-F.tif,0.55479,0.54902,0,3.82,107.66,furada,1
MDT_SG-22-Z-D-II-4-SO-A.tif,0.03667,0.02413,0,3.19,103.35,furada,1
MDT_SG-22-Z-D-II-4-SO-B.tif,0.03813,0.02564,0,-0.91,77.47,furada,1
MDT_SG-22-Z-D-II-4-SO-C.tif,0.03661,0.02409,0,-0.14,107.13,furada,1
MDT_SG-22-Z-D-II-4-SO-D.tif,0.09163,0.07954,0,1.6,95.53,furada,1
MDT_SG-22-Z-D-II-4-SO-E.tif,0.03794,0.02548,0,1.07,87.67,furada,1
MDT_SG-22-Z-D-II-4-SO-F.tif,0.29975,0.29035,0,0.15,68.4,furada,1
MDT_SG-22-Z-D-III-1-SO-A.tif,0.85271,0.85092,0,30.13,90.64,fora_de_nivel,1
MDT_SG-22-Z-D-III-1-SO-C.tif,0.88726,0.88607,0,40.96,94.11,fora_de_nivel,1
MDT_SG-22-Z-D-III-1-SO-D.tif,0.98897,0.96575,1190,33.74,32.34,fora_de_nivel,1
MDT_SG-22-Z-D-III-1-SO-E.tif,0.9612,0.96097,0,60.85,112.42,fora_de_nivel,1
MDT_SG-22-Z-D-III-3-NE-A.tif,0.91379,0.91155,20,87.32,125.31,fora_de_nivel,1
MDT_SG-22-Z-D-III-3-NE-C.tif,0.98431,0.98424,20,46.22,104.63,fora_de_nivel,1
MDT_SG-22-Z-D-III-3-NE-E.tif,1.0,1.0,2470,nan,nan,vazia,1
MDT_SG-22-Z-D-III-3-NO-A.tif,1.0,1.0,2470,nan,nan,vazia,1
MDT_SG-22-Z-D-III-3-NO-B.tif,0.9935,0.99338,60,30.02,38.99,vazia,1
MDT_SG-22-Z-D-III-3-NO-C.tif,1.0,1.0,2470,nan,nan,vazia,1
MDT_SG-22-Z-D-III-3-NO-D.tif,1.0,1.0,2470,nan,nan,vazia,1
MDT_SG-22-Z-D-III-3-NO-E.tif,1.0,1.0,2470,nan,nan,vazia,1
MDT_SG-22-Z-D-III-3-NO-F.tif,1.0,1.0,2470,nan,nan,vazia,1
MDT_SG-22-Z-D-III-3-SE-A.tif,1.0,1.0,2470,nan,nan,vazia,1
MDT_SG-22-Z-D-III-3-SE-C.tif,0.93381,0.93317,0,36.36,137.91,fora_de_nivel,1
MDT_SG-22-Z-D-III-3-SE-E.tif,0.98616,0.98605,0,24.28,61.93,fora_de_nivel,1
MDT_SG-22-Z-D-III-3-SO-A.tif,0.99736,0.99718,80,9.63,21.97,vazia,1
MDT_SG-22-Z-D-III-3-SO-B.tif,0.76853,0.75507,60,33.06,134.22,fora_de_nivel,1
MDT_SG-22-Z-D-III-3-SO-C.tif,0.36071,0.35216,0,2.94,76.49,furada,1
MDT_SG-22-Z-D-III-3-SO-D.tif,0.25335,0.24313,0,11.46,128.73,furada,1
MDT_SG-22-Z-D-III-3-SO-E.tif,0.10315,0.09148,0,4.71,211.61,furada,1
MDT_SG-22-Z-D-III-3-SO-F.tif,0.1777,0.1665,0,25.69,225.08,fora_de_nivel,1
MDT_SG-22-Z-D-IV-1-NE-A.tif,0.02671,0.01457,0,11.7,189.05,furada,1
MDT_SG-22-Z-D-IV-1-NE-B.tif,0.02786,0.01562,0,-38.45,316.33,fora_de_nivel,1
MDT_SG-22-Z-D-IV-1-NE-C.tif,0.02671,0.01457,0,-44.58,187.38,fora_de_nivel,1
MDT_SG-22-Z-D-IV-1-NE-D.tif,0.02801,0.01573,0,56.21,300.64,fora_de_nivel,1
MDT_SG-22-Z-D-IV-1-NE-E.tif,0.02678,0.01461,0,-49.16,143.18,fora_de_nivel,1
MDT_SG-22-Z-D-IV-1-NE-F.tif,0.02781,0.01561,0,-5.84,285.49,furada,1
MDT_SG-22-Z-D-IV-1-NO-A.tif,0.02474,0.01273,0,-65.55,180.44,fora_de_nivel,1
MDT_SG-22-Z-D-IV-1-NO-B.tif,0.02622,0.01402,0,-48.33,131.66,fora_de_nivel,1
MDT_SG-22-Z-D-IV-1-NO-C.tif,0.02474,0.01273,0,-42.85,235.71,fora_de_nivel,1
MDT_SG-22-Z-D-IV-1-NO-D.tif,0.02622,0.01403,0,-66.22,204.74,fora_de_nivel,1
MDT_SG-22-Z-D-IV-1-NO-E.tif,0.02525,0.01309,0,-47.29,326.77,fora_de_nivel,1
MDT_SG-22-Z-D-IV-1-NO-F.tif,0.02608,0.01392,0,-77.62,206.46,fora_de_nivel,1
MDT_SG-22-Z-D-IV-1-SE-A.tif,0.02687,0.01469,0,-33.33,237.79,fora_de_nivel,1
MDT_SG-22-Z-D-IV-1-SE-B.tif,0.028,0.01575,0,-34.3,182.45,fora_de_nivel,1
MDT_SG-22-Z-D-IV-1-SE-C.tif,0.02687,0.01469,0,-13.67,254.18,furada,1
MDT_SG-22-Z-D-IV-1-SE-D.tif,0.02802,0.01577,0,-56.07,283.11,fora_de_nivel,1
MDT_SG-22-Z-D-IV-1-SE-E.tif,0.0271,0.01489,0,662.97,825.33,fora_de_nivel,1
MDT_SG-22-Z-D-IV-1-SE-F.tif,0.02808,0.01579,0,673.69,729.41,fora_de_nivel,1
MDT_SG-22-Z-D-IV-1-SO-A.tif,0.0252,0.01307,0,19.8,276.24,fora_de_nivel,1
MDT_SG-22-Z-D-IV-1-SO-B.tif,0.02619,0.01402,0,-97.64,292.95,fora_de_nivel,1
MDT_SG-22-Z-D-IV-1-SO-C.tif,0.02497,0.01291,0,-6.51,201.58,furada,1
MDT_SG-22-Z-D-IV-1-SO-D.tif,0.02615,0.01398,0,9.66,312.98,furada,1
MDT_SG-22-Z-D-IV-1-SO-E.tif,0.02502,0.01298,0,885.55,944.71,fora_de_nivel,1
MDT_SG-22-Z-D-IV-1-SO-F.tif,0.02613,0.01397,0,759.83,912.61,fora_de_nivel,1
MDT_SG-22-Z-D-IV-2-NE-A.tif,0.03089,0.0185,0,-15.39,224.64,fora_de_nivel,1
MDT_SG-22-Z-D-IV-2-NE-B.tif,0.03192,0.01951,0,47.37,287.49,fora_de_nivel,1
MDT_SG-22-Z-D-IV-2-NE-C.tif,0.03059,0.01827,0,-37.8,198.71,fora_de_nivel,1
MDT_SG-22-Z-D-IV-2-NE-D.tif,0.03215,0.01967,0,44.22,206.12,fora_de_nivel,1
MDT_SG-22-Z-D-IV-2-NE-E.tif,0.03067,0.01834,0,35.22,130.35,fora_de_nivel,1
MDT_SG-22-Z-D-IV-2-NE-F.tif,0.03217,0.01971,0,0.61,145.39,furada,1
MDT_SG-22-Z-D-IV-2-NO-A.tif,0.02899,0.01669,0,37.13,190.0,fora_de_nivel,1
MDT_SG-22-Z-D-IV-2-NO-B.tif,0.0298,0.0175,0,11.41,165.17,furada,1
MDT_SG-22-Z-D-IV-2-NO-C.tif,0.02906,0.01676,0,-5.48,192.39,furada,1
MDT_SG-22-Z-D-IV-2-NO-D.tif,0.02984,0.01753,0,23.81,177.31,fora_de_nivel,1
MDT_SG-22-Z-D-IV-2-NO-E.tif,0.0292,0.01685,0,16.16,226.94,fora_de_nivel,1
MDT_SG-22-Z-D-IV-2-NO-F.tif,0.02984,0.01753,0,-13.31,194.48,furada,1
MDT_SG-22-Z-D-IV-2-SE-A.tif,0.03095,0.01855,0,9.82,173.41,furada,1
MDT_SG-22-Z-D-IV-2-SE-B.tif,0.03211,0.01968,0,-7.71,160.87,furada,1
MDT_SG-22-Z-D-IV-2-SE-C.tif,0.03107,0.01866,0,-2.64,180.78,furada,1
MDT_SG-22-Z-D-IV-2-SE-D.tif,0.03201,0.01962,0,11.64,126.57,furada,1
MDT_SG-22-Z-D-IV-2-SE-E.tif,0.03089,0.01852,0,917.56,965.2,fora_de_nivel,1
MDT_SG-22-Z-D-IV-2-SE-F.tif,0.03208,0.01968,0,927.04,943.3,fora_de_nivel,1
MDT_SG-22-Z-D-IV-2-SO-A.tif,0.02905,0.01674,0,15.94,230.78,fora_de_nivel,1
MDT_SG-22-Z-D-IV-2-SO-B.tif,0.02984,0.01753,0,2.15,240.12,furada,1
MDT_SG-22-Z-D-IV-2-SO-C.tif,0.02899,0.01671,0,-63.5,373.07,fora_de_nivel,1
MDT_SG-22-Z-D-IV-2-SO-D.tif,0.02982,0.01754,0,-2.63,236.64,furada,1
MDT_SG-22-Z-D-IV-2-SO-E.tif,0.02897,0.01669,0,773.18,956.5,fora_de_nivel,1
MDT_SG-22-Z-D-IV-2-SO-F.tif,0.02995,0.01763,0,1036.68,1083.96,fora_de_nivel,1
MDT_SG-22-Z-D-IV-3-NE-A.tif,0.02715,0.0149,0,878.46,251.78,fora_de_nivel,1
MDT_SG-22-Z-D-IV-3-NE-B.tif,0.02791,0.01569,0,836.94,272.77,fora_de_nivel,1
MDT_SG-22-Z-D-IV-3-NE-C.tif,0.02715,0.0149,0,1281.42,386.41,fora_de_nivel,1
MDT_SG-22-Z-D-IV-3-NE-D.tif,0.02791,0.01569,0,918.12,461.33,fora_de_nivel,1
MDT_SG-22-Z-D-IV-3-NE-E.tif,0.02699,0.01478,0,1320.88,296.72,fora_de_nivel,1
MDT_SG-22-Z-D-IV-3-NE-F.tif,0.02799,0.01574,0,1108.19,541.79,fora_de_nivel,1
MDT_SG-22-Z-D-IV-3-NO-A.tif,0.02509,0.01301,0,938.89,296.12,fora_de_nivel,1
MDT_SG-22-Z-D-IV-3-NO-B.tif,0.02605,0.01393,0,922.45,158.06,fora_de_nivel,1
MDT_SG-22-Z-D-IV-3-NO-C.tif,0.02495,0.01291,0,931.21,286.07,fora_de_nivel,1
MDT_SG-22-Z-D-IV-3-NO-D.tif,0.02605,0.01393,0,1042.56,225.39,fora_de_nivel,1
MDT_SG-22-Z-D-IV-3-NO-E.tif,0.02503,0.01298,0,932.91,199.24,fora_de_nivel,1
MDT_SG-22-Z-D-IV-3-NO-F.tif,0.02624,0.01406,0,1040.69,233.53,fora_de_nivel,1
MDT_SG-22-Z-D-IV-3-SE-A.tif,0.02699,0.01481,0,1435.79,332.28,fora_de_nivel,1
MDT_SG-22-Z-D-IV-3-SE-B.tif,0.02879,0.01638,0,1248.63,501.13,fora_de_nivel,1
MDT_SG-22-Z-D-IV-3-SE-C.tif,0.02707,0.01485,0,1568.84,168.25,fora_de_nivel,1
MDT_SG-22-Z-D-IV-3-SE-D.tif,0.02793,0.0157,0,922.36,632.81,fora_de_nivel,1
MDT_SG-22-Z-D-IV-3-SE-E.tif,0.02707,0.01485,0,1422.56,294.19,fora_de_nivel,1
MDT_SG-22-Z-D-IV-3-SE-F.tif,0.02822,0.01594,0,767.65,529.31,fora_de_nivel,1
MDT_SG-22-Z-D-IV-3-SO-A.tif,0.02503,0.01298,0,1033.47,285.49,fora_de_nivel,1
MDT_SG-22-Z-D-IV-3-SO-B.tif,0.02607,0.01393,0,1120.63,204.92,fora_de_nivel,1
MDT_SG-22-Z-D-IV-3-SO-C.tif,0.0251,0.01302,0,1423.48,319.22,fora_de_nivel,1
MDT_SG-22-Z-D-IV-3-SO-D.tif,0.02615,0.01401,0,1474.37,374.03,fora_de_nivel,1
MDT_SG-22-Z-D-IV-3-SO-E.tif,0.02535,0.01325,0,1336.24,272.77,fora_de_nivel,1
MDT_SG-22-Z-D-IV-3-SO-F.tif,0.02622,0.01407,0,1478.69,342.87,fora_de_nivel,1
MDT_SG-22-Z-D-IV-4-NE-A.tif,0.0309,0.01856,0,1091.84,157.71,fora_de_nivel,1
MDT_SG-22-Z-D-IV-4-NE-B.tif,0.03218,0.01974,0,962.8,363.17,fora_de_nivel,1
MDT_SG-22-Z-D-IV-4-NE-C.tif,0.03112,0.01874,0,995.09,278.6,fora_de_nivel,1
MDT_SG-22-Z-D-IV-4-NE-D.tif,0.03203,0.01963,0,841.0,252.84,fora_de_nivel,1
MDT_SG-22-Z-D-IV-4-NE-E.tif,0.03112,0.01874,0,860.01,297.95,fora_de_nivel,1
MDT_SG-22-Z-D-IV-4-NE-F.tif,0.0321,0.01969,0,855.65,261.46,fora_de_nivel,1
MDT_SG-22-Z-D-IV-4-NO-A.tif,0.02905,0.01677,0,912.56,247.44,fora_de_nivel,1
MDT_SG-22-Z-D-IV-4-NO-B.tif,0.03006,0.01769,0,990.54,171.1,fora_de_nivel,1
MDT_SG-22-Z-D-IV-4-NO-C.tif,0.02922,0.01689,0,946.35,190.1,fora_de_nivel,1
MDT_SG-22-Z-D-IV-4-NO-D.tif,0.02997,0.01765,0,895.98,224.5,fora_de_nivel,1
MDT_SG-22-Z-D-IV-4-NO-E.tif,0.02907,0.01678,0,844.05,220.77,fora_de_nivel,1
MDT_SG-22-Z-D-IV-4-NO-F.tif,0.03012,0.01776,0,744.63,183.47,fora_de_nivel,1
MDT_SG-22-Z-D-IV-4-SE-A.tif,0.03098,0.01863,0,687.19,213.22,fora_de_nivel,1
MDT_SG-22-Z-D-IV-4-SE-B.tif,0.0321,0.01969,0,865.29,309.94,fora_de_nivel,1
MDT_SG-22-Z-D-IV-4-SE-C.tif,0.03106,0.01871,0,566.24,163.08,fora_de_nivel,1
MDT_SG-22-Z-D-IV-4-SE-D.tif,0.03242,0.01994,0,793.63,171.37,fora_de_nivel,1
MDT_SG-22-Z-D-IV-4-SE-E.tif,0.03134,0.01892,0,489.54,226.78,fora_de_nivel,1
MDT_SG-22-Z-D-IV-4-SE-F.tif,0.03201,0.01963,0,760.39,148.16,fora_de_nivel,1
MDT_SG-22-Z-D-IV-4-SO-A.tif,0.02914,0.01685,0,645.51,200.82,fora_de_nivel,1
MDT_SG-22-Z-D-IV-4-SO-B.tif,0.03007,0.01773,0,658.41,202.43,fora_de_nivel,1
MDT_SG-22-Z-D-IV-4-SO-C.tif,0.02914,0.01685,0,584.87,236.48,fora_de_nivel,1
MDT_SG-22-Z-D-IV-4-SO-D.tif,0.03014,0.01779,0,582.98,183.93,fora_de_nivel,1
MDT_SG-22-Z-D-IV-4-SO-E.tif,0.02947,0.01709,0,544.68,169.17,fora_de_nivel,1
MDT_SG-22-Z-D-IV-4-SO-F.tif,0.03006,0.01775,0,447.14,169.86,fora_de_nivel,1
MDT_SG-22-Z-D-V-1-NE-A.tif,0.03491,0.02241,0,22.06,187.78,fora_de_nivel,1
MDT_SG-22-Z-D-V-1-NE-B.tif,0.03561,0.02313,0,2.75,152.16,furada,1
MDT_SG-22-Z-D-V-1-NE-C.tif,0.03513,0.0226,0,11.0,152.57,furada,1
MDT_SG-22-Z-D-V-1-NE-D.tif,0.03575,0.02326,0,6.81,126.2,furada,1
MDT_SG-22-Z-D-V-1-NE-E.tif,0.03498,0.02249,0,14.29,148.46,furada,1
MDT_SG-22-Z-D-V-1-NE-F.tif,0.03561,0.02316,0,-0.6,142.44,furada,1
MDT_SG-22-Z-D-V-1-NO-A.tif,0.03283,0.02039,0,2.82,279.17,furada,1
MDT_SG-22-Z-D-V-1-NO-B.tif,0.03367,0.02126,0,19.6,251.75,fora_de_nivel,1
MDT_SG-22-Z-D-V-1-NO-C.tif,0.03267,0.02029,0,4.53,291.29,furada,1
MDT_SG-22-Z-D-V-1-NO-D.tif,0.03367,0.02126,0,25.39,168.6,fora_de_nivel,1
MDT_SG-22-Z-D-V-1-NO-E.tif,0.0329,0.02048,0,-1.41,223.91,furada,1
MDT_SG-22-Z-D-V-1-NO-F.tif,0.03372,0.02129,0,21.18,127.58,fora_de_nivel,1
MDT_SG-22-Z-D-V-1-SE-A.tif,0.03506,0.02255,0,16.76,167.99,fora_de_nivel,1
MDT_SG-22-Z-D-V-1-SE-B.tif,0.03569,0.0232,0,-0.15,141.18,furada,1
MDT_SG-22-Z-D-V-1-SE-C.tif,0.03495,0.02248,0,23.08,183.8,fora_de_nivel,1
MDT_SG-22-Z-D-V-1-SE-D.tif,0.03594,0.02344,0,0.97,100.84,furada,1
MDT_SG-22-Z-D-V-1-SE-E.tif,0.03505,0.02254,0,384.26,442.34,fora_de_nivel,1
MDT_SG-22-Z-D-V-1-SE-F.tif,0.03599,0.02348,0,305.71,286.35,fora_de_nivel,1
MDT_SG-22-Z-D-V-1-SO-A.tif,0.03277,0.02038,0,6.55,155.44,furada,1
MDT_SG-22-Z-D-V-1-SO-B.tif,0.03402,0.02153,0,29.93,157.12,fora_de_nivel,1
MDT_SG-22-Z-D-V-1-SO-C.tif,0.03284,0.02042,0,18.53,164.14,fora_de_nivel,1
MDT_SG-22-Z-D-V-1-SO-D.tif,0.03396,0.0215,0,14.71,159.42,furada,1
MDT_SG-22-Z-D-V-1-SO-E.tif,0.03291,0.02049,0,408.99,415.43,fora_de_nivel,1
MDT_SG-22-Z-D-V-1-SO-F.tif,0.03395,0.0215,0,323.07,408.42,fora_de_nivel,1
MDT_SG-22-Z-D-V-2-NE-A.tif,0.98986,0.99003,0,1.45,12.23,furada,1
MDT_SG-22-Z-D-V-2-NE-B.tif,0.64508,0.64058,0,44.16,230.94,fora_de_nivel,1
MDT_SG-22-Z-D-V-2-NE-C.tif,0.69281,0.68903,0,-1.17,10.79,furada,1
MDT_SG-22-Z-D-V-2-NE-D.tif,0.64059,0.63604,0,9.15,107.9,furada,1
MDT_SG-22-Z-D-V-2-NE-E.tif,0.51525,0.5086,0,-1.44,9.59,furada,1
MDT_SG-22-Z-D-V-2-NE-F.tif,0.27513,0.26531,0,22.89,234.65,fora_de_nivel,1
MDT_SG-22-Z-D-V-2-NO-A.tif,0.03649,0.02401,0,-13.22,121.55,furada,1
MDT_SG-22-Z-D-V-2-NO-B.tif,0.15938,0.14829,0,1.28,82.76,furada,1
MDT_SG-22-Z-D-V-2-NO-C.tif,0.03672,0.0242,0,-2.43,118.5,furada,1
MDT_SG-22-Z-D-V-2-NO-D.tif,0.03793,0.02538,0,-0.95,64.89,furada,1
MDT_SG-22-Z-D-V-2-NO-E.tif,0.03684,0.02432,0,2.62,103.17,furada,1
MDT_SG-22-Z-D-V-2-NO-F.tif,0.06144,0.04896,0,-0.06,38.05,furada,1
MDT_SG-22-Z-D-V-2-SE-A.tif,0.99742,0.99755,0,3.08,2.74,vazia,1
MDT_SG-22-Z-D-V-2-SE-B.tif,0.37081,0.36244,0,5.86,328.98,furada,1
MDT_SG-22-Z-D-V-2-SE-C.tif,0.9274,0.9267,0,7.3,29.32,furada,1
MDT_SG-22-Z-D-V-2-SE-D.tif,0.08882,0.07659,0,4.51,29.62,furada,1
MDT_SG-22-Z-D-V-2-SE-E.tif,0.976,0.97591,0,9.97,52.92,furada,1
MDT_SG-22-Z-D-V-2-SE-F.tif,0.3178,0.30832,0,121.37,240.52,fora_de_nivel,1
MDT_SG-22-Z-D-V-2-SO-A.tif,0.03691,0.02438,0,2.41,106.05,furada,1
MDT_SG-22-Z-D-V-2-SO-B.tif,0.34167,0.33288,0,-0.36,23.4,furada,1
MDT_SG-22-Z-D-V-2-SO-C.tif,0.04532,0.03291,0,-0.12,107.89,furada,1
MDT_SG-22-Z-D-V-2-SO-D.tif,0.28452,0.27489,0,-1.28,15.74,furada,1
MDT_SG-22-Z-D-V-2-SO-E.tif,0.04018,0.0277,0,193.54,395.0,fora_de_nivel,1
MDT_SG-22-Z-D-V-2-SO-F.tif,0.21022,0.19983,0,286.06,529.52,fora_de_nivel,1
MDT_SG-22-Z-D-V-3-NE-A.tif,0.03507,0.02259,0,806.81,468.43,fora_de_nivel,1
MDT_SG-22-Z-D-V-3-NE-B.tif,0.03609,0.02357,0,461.95,446.4,fora_de_nivel,1
MDT_SG-22-Z-D-V-3-NE-C.tif,0.03507,0.02259,0,630.26,484.4,fora_de_nivel,1
MDT_SG-22-Z-D-V-3-NE-D.tif,0.03616,0.02361,0,790.1,315.19,fora_de_nivel,1
MDT_SG-22-Z-D-V-3-NE-E.tif,0.05427,0.04155,0,870.43,343.24,fora_de_nivel,1
MDT_SG-22-Z-D-V-3-NE-F.tif,0.05464,0.04192,0,525.68,399.46,fora_de_nivel,1
MDT_SG-22-Z-D-V-3-NO-A.tif,0.03297,0.02054,0,454.37,168.22,fora_de_nivel,1
MDT_SG-22-Z-D-V-3-NO-B.tif,0.034,0.02154,0,655.28,425.23,fora_de_nivel,1
MDT_SG-22-Z-D-V-3-NO-C.tif,0.03298,0.02054,0,638.32,263.44,fora_de_nivel,1
MDT_SG-22-Z-D-V-3-NO-D.tif,0.034,0.02154,0,923.88,282.67,fora_de_nivel,1
MDT_SG-22-Z-D-V-3-NO-E.tif,0.03321,0.02073,0,657.66,211.66,fora_de_nivel,1
MDT_SG-22-Z-D-V-3-NO-F.tif,0.0372,0.02474,0,786.54,297.47,fora_de_nivel,1
MDT_SG-22-Z-D-V-3-SE-A.tif,0.03545,0.0229,0,910.99,190.9,fora_de_nivel,1
MDT_SG-22-Z-D-V-3-SE-B.tif,0.03598,0.02349,0,513.63,358.66,fora_de_nivel,1
MDT_SG-22-Z-D-V-3-SE-C.tif,0.03532,0.02279,0,841.73,194.09,fora_de_nivel,1
MDT_SG-22-Z-D-V-3-SE-D.tif,0.03614,0.02362,0,460.09,448.03,fora_de_nivel,1
MDT_SG-22-Z-D-V-3-SE-E.tif,0.03505,0.02259,0,659.61,217.63,fora_de_nivel,1
MDT_SG-22-Z-D-V-3-SE-F.tif,0.03608,0.02355,0,322.29,315.54,fora_de_nivel,1
MDT_SG-22-Z-D-V-3-SO-A.tif,0.03311,0.02066,0,640.61,295.55,fora_de_nivel,1
MDT_SG-22-Z-D-V-3-SO-B.tif,0.03405,0.0216,0,661.09,296.4,fora_de_nivel,1
MDT_SG-22-Z-D-V-3-SO-C.tif,0.03295,0.02055,0,678.4,279.41,fora_de_nivel,1
MDT_SG-22-Z-D-V-3-SO-D.tif,0.03405,0.0216,0,711.77,288.67,fora_de_nivel,1
MDT_SG-22-Z-D-V-3-SO-E.tif,0.03328,0.02083,0,466.99,205.43,fora_de_nivel,1
MDT_SG-22-Z-D-V-3-SO-F.tif,0.03439,0.02189,0,575.0,305.68,fora_de_nivel,1
MDT_SG-22-Z-D-V-4-NE-A.tif,0.79005,0.78748,0,54.21,182.31,fora_de_nivel,1
MDT_SG-22-Z-D-V-4-NE-B.tif,0.13291,0.12103,0,120.73,172.49,fora_de_nivel,1
MDT_SG-22-Z-D-V-4-NE-C.tif,0.75298,0.75014,0,2.9,123.44,furada,1
MDT_SG-22-Z-D-V-4-NE-D.tif,0.63862,0.63407,0,157.18,170.77,fora_de_nivel,1
MDT_SG-22-Z-D-V-4-NE-E.tif,0.54504,0.53882,0,3.24,2.87,furada,1
MDT_SG-22-Z-D-V-4-NE-F.tif,1.0,1.0,2470,nan,nan,vazia,1
MDT_SG-22-Z-D-V-4-NO-A.tif,0.03696,0.02443,0,794.46,384.03,fora_de_nivel,1
MDT_SG-22-Z-D-V-4-NO-B.tif,0.0981,0.08614,0,371.67,454.99,fora_de_nivel,1
MDT_SG-22-Z-D-V-4-NO-C.tif,0.0369,0.02439,0,670.7,525.47,fora_de_nivel,1
MDT_SG-22-Z-D-V-4-NO-D.tif,0.05605,0.04372,0,96.11,226.13,fora_de_nivel,1
MDT_SG-22-Z-D-V-4-NO-E.tif,0.13891,0.12705,0,422.2,352.88,fora_de_nivel,1
MDT_SG-22-Z-D-V-4-NO-F.tif,0.0641,0.05143,0,88.24,364.5,fora_de_nivel,1
MDT_SG-22-Z-D-V-4-SE-A.tif,0.44301,0.43551,0,4.43,43.4,furada,1
MDT_SG-22-Z-D-V-4-SE-C.tif,0.87552,0.87437,0,0.94,5.46,furada,1
MDT_SG-22-Z-D-V-4-SE-D.tif,1.0,1.0,2470,nan,nan,vazia,1
MDT_SG-22-Z-D-V-4-SE-E.tif,0.98437,0.98415,0,66.59,89.28,fora_de_nivel,1
MDT_SG-22-Z-D-V-4-SO-A.tif,0.0522,0.03949,0,110.73,469.0,fora_de_nivel,1
MDT_SG-22-Z-D-V-4-SO-B.tif,0.07825,0.06601,0,2.52,32.12,furada,1
MDT_SG-22-Z-D-V-4-SO-C.tif,0.05465,0.0419,0,47.92,501.68,fora_de_nivel,1
MDT_SG-22-Z-D-V-4-SO-D.tif,0.13838,0.12703,0,1.45,61.02,furada,1
MDT_SG-22-Z-D-V-4-SO-E.tif,0.05299,0.04022,0,133.9,357.38,fora_de_nivel,1
MDT_SG-22-Z-D-V-4-SO-F.tif,0.12206,0.11024,0,62.17,262.93,fora_de_nivel,1
MDT_SG-22-Z-D-VI-1-NO-A.tif,0.13906,0.12789,0,104.79,200.88,fora_de_nivel,1
MDT_SG-22-Z-D-VI-1-NO-B.tif,0.67703,0.67301,0,6.01,217.3,furada,1
MDT_SG-22-Z-D-VI-1-NO-C.tif,0.2976,0.28865,0,174.99,213.77,fora_de_nivel,1
MDT_SG-22-Z-D-VI-1-NO-D.tif,0.80257,0.80037,0,3.18,107.32,furada,1
MDT_SG-22-Z-D-VI-1-NO-E.tif,0.34693,0.33842,0,50.51,239.0,fora_de_nivel,1
MDT_SG-22-Z-D-VI-1-NO-F.tif,0.88335,0.88197,0,39.75,106.96,fora_de_nivel,1
MDT_SG-22-Z-D-VI-1-SO-A.tif,0.43235,0.42481,0,14.34,261.88,furada,1
MDT_SG-22-Z-D-VI-1-SO-C.tif,0.73331,0.73011,0,9.28,104.4,furada,1
MDT_SG-22-Z-D-VI-1-SO-E.tif,0.99669,0.99681,0,4.85,4.73,vazia,1
MDT_SG-22-Z-D-VI-3-NO-A.tif,0.79008,0.78745,0,142.01,141.08,fora_de_nivel,1
MDT_SG-22-Z-D-VI-3-NO-C.tif,0.98911,0.98928,0,90.19,100.36,fora_de_nivel,1
