id,ano,data_pico,cota_blumenau_m,chuva_media_bacia_mm,chuva_max_sub_bacia_mm,fonte_dados,arquivo_csv,chuva_oeste_mm,chuva_mirim_doce_mm,chuva_sul_mm,chuva_perimbo_mm,chuva_trombudo_mm,chuva_norte_mm,chuva_benedito_mm,chuva_mirim_mm,chuva_luis_alves_mm,chuva_acu_mm
BLU_20240519,2024,2024-05-19,8.67,94.7,118.0,Reanálise ERA5-Land (Open-Meteo),evento_2024_05_19_cota_8_67m.csv,95.3,95.3,118.0,117.6,101.1,117.9,70.8,90.4,58.6,82.4
BLU_20231117,2023,2023-11-17,9.14,62.7,99.9,Reanálise ERA5-Land (Open-Meteo),evento_2023_11_17_cota_9_14m.csv,62.2,62.2,83.7,99.9,71.2,70.8,34.8,52.4,55.7,33.9
BLU_20231103,2023,2023-11-03,9.5,59.7,87.0,Reanálise ERA5-Land (Open-Meteo),evento_2023_11_03_cota_9_50m.csv,39.2,39.2,69.1,63.2,49.6,40.4,87.0,70.2,57.7,81.5
BLU_20231029,2023,2023-10-29,8.38,118.2,165.7,Reanálise ERA5-Land (Open-Meteo),evento_2023_10_29_cota_8_38m.csv,157.3,157.3,139.2,165.7,135.1,98.8,90.9,77.5,73.7,86.0
BLU_20231012,2023,2023-10-12,10.76,181.7,280.05,Estações de Superfície (EPAGRI/CEOPS/ANA) + ERA5-Land,evento_2023_10_12_cota_10_76m.csv,280.05,46.0,269.93,56.1,60.4,240.03,219.91,200.05,179.95,264.94
BLU_20231009,2023,2023-10-09,10.19,141.5,164.8,Reanálise ERA5-Land (Open-Meteo),evento_2023_10_09_cota_10_19m.csv,156.3,156.3,147.9,161.1,164.8,140.9,130.3,124.6,92.9,140.3
BLU_20231005,2023,2023-10-05,8.78,138.6,161.1,Reanálise ERA5-Land (Open-Meteo),evento_2023_10_05_cota_8_78m.csv,154.3,154.3,152.1,161.1,150.7,131.1,115.2,123.7,103.7,140.1
BLU_20220505,2022,2022-05-05,9.4,137.2,159.1,Reanálise ERA5-Land (Open-Meteo),evento_2022_05_05_cota_9_40m.csv,158.8,158.8,107.6,102.0,124.1,128.1,150.9,151.1,131.5,159.1
BLU_20170606,2017,2017-06-06,8.52,91.3,113.3,Reanálise ERA5-Land (Open-Meteo),evento_2017_06_06_cota_8_52m.csv,80.5,80.5,111.5,113.3,104.3,99.2,82.1,72.6,88.6,80.8
BLU_20170601,2017,2017-06-01,8.71,128.2,144.4,Reanálise ERA5-Land (Open-Meteo),evento_2017_06_01_cota_8_71m.csv,142.5,142.5,137.9,135.8,144.4,129.6,122.3,118.6,104.8,103.2
BLU_20151023,2015,2015-10-23,10.03,62.7,91.3,Reanálise ERA5-Land (Open-Meteo),evento_2015_10_23_cota_10_03m.csv,80.7,91.3,52.7,72.6,62.4,45.7,79.9,46.6,48.5,46.6
BLU_20140629,2014,2014-06-29,8.13,88.8,161.5,Reanálise ERA5-Land (Open-Meteo),evento_2014_06_29_cota_8_13m.csv,87.2,128.3,142.2,161.5,110.6,67.3,42.0,56.5,36.0,56.5
BLU_20140609,2014,2014-06-09,10.18,127.1,157.6,Reanálise ERA5-Land (Open-Meteo),evento_2014_06_09_cota_10_18m.csv,141.4,157.6,119.0,145.0,132.2,113.5,130.2,111.7,108.7,111.7
BLU_20130923,2013,2013-09-23,10.51,129.1,157.6,Reanálise ERA5-Land (Open-Meteo),evento_2013_09_23_cota_10_51m.csv,123.4,152.1,137.5,157.6,133.5,104.2,141.8,121.7,97.6,121.7
BLU_20110909,2011,2011-09-09,12.6,224.1,289.91,Estações de Superfície (EPAGRI/CEOPS/ANA) + ERA5-Land,evento_2011_09_09_cota_12_60m.csv,289.91,165.1,275.0,171.2,165.2,259.98,229.99,209.95,189.99,285.02
BLU_20110831,2011,2011-08-31,8.5,62.9,83.8,Reanálise ERA5-Land (Open-Meteo),evento_2011_08_31_cota_8_50m.csv,73.4,83.8,51.4,68.4,54.5,47.3,69.9,62.6,54.8,62.6
BLU_20100426,2010,2010-04-26,8.46,127.8,160.0,Reanálise ERA5-Land (Open-Meteo),evento_2010_04_26_cota_8_46m.csv,142.8,160.0,127.3,142.2,129.7,108.6,125.2,119.6,102.7,119.6
BLU_20090929,2009,2009-09-29,8.06,53.6,71.9,Reanálise ERA5-Land (Open-Meteo),evento_2009_09_29_cota_8_06m.csv,34.2,52.8,55.5,59.0,46.5,31.8,61.3,71.9,51.1,71.9
BLU_20081124,2008,2008-11-24,11.52,222.9,578.29,Estações de Superfície (EPAGRI/CEOPS/ANA) + ERA5-Land,evento_2008_11_24_cota_11_52m.csv,70.24,74.86,80.06,75.12,55.1,84.92,320.03,340.08,549.82,578.29
BLU_20011001,2001,2001-10-01,11.02,103.0,152.8,Reanálise ERA5-Land (Open-Meteo),evento_2001_10_01_cota_11_02m.csv,114.5,152.8,120.5,140.7,121.2,79.9,75.0,87.2,51.4,87.2
BLU_19990703,1999,1999-07-03,8.26,107.7,136.8,Reanálise ERA5-Land (Open-Meteo),evento_1999_07_03_cota_8_26m.csv,101.8,129.5,124.1,136.8,118.2,92.0,100.0,95.8,83.3,95.8
BLU_19980428,1998,1998-04-28,8.24,66.5,94.3,Reanálise ERA5-Land (Open-Meteo),evento_1998_04_28_cota_8_24m.csv,82.2,94.3,72.2,76.4,63.9,51.2,60.2,56.5,51.7,56.5
BLU_19970201,1997,1997-02-01,9.44,114.6,152.7,Reanálise ERA5-Land (Open-Meteo),evento_1997_02_01_cota_9_44m.csv,118.4,124.9,71.4,102.2,98.2,97.1,152.7,135.3,110.5,135.3
BLU_19920701,1992,1992-07-01,10.62,122.4,138.4,Reanálise ERA5-Land (Open-Meteo),evento_1992_07_01_cota_10_62m.csv,128.1,134.0,115.6,124.6,127.9,121.9,138.4,108.4,116.3,108.4
BLU_19920529,1992,1992-05-29,12.8,144.8,199.8,Reanálise ERA5-Land (Open-Meteo),evento_1992_05_29_cota_12_80m.csv,154.5,187.9,170.5,199.8,168.2,134.1,116.4,111.2,94.6,111.2
BLU_19900721,1990,1990-07-21,8.82,108.5,136.6,Reanálise ERA5-Land (Open-Meteo),evento_1990_07_21_cota_8_82m.csv,106.3,106.4,82.5,91.2,100.9,98.2,132.2,115.6,136.6,115.6
BLU_19840807,1984,1984-08-07,15.46,260.8,379.96,Estações de Superfície (EPAGRI/CEOPS/ANA) + ERA5-Land,evento_1984_08_07_cota_15_46m.csv,360.01,139.4,370.0,130.2,128.0,310.01,290.03,259.97,239.99,379.96
BLU_19830924,1983,1983-09-24,11.75,50.4,64.0,Reanálise ERA5-Land (Open-Meteo),evento_1983_09_24_cota_11_75m.csv,44.3,50.8,39.4,50.5,42.7,36.0,64.0,62.9,50.5,62.9
BLU_19830709,1983,1983-07-09,15.34,333.3,419.96,Estações de Superfície (EPAGRI/CEOPS/ANA) + ERA5-Land,evento_1983_07_09_cota_15_34m.csv,379.96,326.0,390.01,321.3,316.1,339.96,310.01,280.07,250.05,419.96
BLU_19830520,1983,1983-05-20,12.52,49.2,60.1,Reanálise ERA5-Land (Open-Meteo),evento_1983_05_20_cota_12_52m.csv,44.7,60.1,44.5,60.0,50.0,36.1,54.1,48.5,45.8,48.5
BLU_19830304,1983,1983-03-04,10.6,102.7,136.3,Reanálise ERA5-Land (Open-Meteo),evento_1983_03_04_cota_10_60m.csv,106.5,136.3,108.5,122.4,117.4,86.7,76.9,102.0,68.7,102.0
BLU_19821115,1982,1982-11-15,8.65,110.7,136.9,Reanálise ERA5-Land (Open-Meteo),evento_1982_11_15_cota_8_65m.csv,116.2,116.7,79.0,88.3,105.5,101.7,136.9,117.9,126.9,117.9
BLU_19801222,1980,1980-12-22,13.27,121.2,168.4,Reanálise ERA5-Land (Open-Meteo),evento_1980_12_22_cota_13_27m.csv,111.7,113.9,106.7,107.2,111.5,110.5,168.4,129.9,122.2,129.9
BLU_19800731,1980,1980-07-31,8.4,62.6,94.7,Reanálise ERA5-Land (Open-Meteo),evento_1980_07_31_cota_8_40m.csv,61.2,78.8,85.8,94.7,73.9,56.6,47.4,45.2,36.8,45.2
BLU_19791009,1979,1979-10-09,10.45,34.5,50.7,Reanálise ERA5-Land (Open-Meteo),evento_1979_10_09_cota_10_45m.csv,38.9,42.1,17.7,31.9,25.7,22.7,50.7,40.2,35.3,40.2
BLU_19790510,1979,1979-05-10,9.45,117.5,129.4,Reanálise ERA5-Land (Open-Meteo),evento_1979_05_10_cota_9_45m.csv,127.5,127.5,98.5,116.2,108.6,102.5,129.4,123.6,118.0,123.6
BLU_19781226,1978,1978-12-26,11.5,30.1,41.2,Reanálise ERA5-Land (Open-Meteo),evento_1978_12_26_cota_11_50m.csv,35.7,41.2,19.1,33.1,24.8,21.1,36.3,27.7,34.6,27.7
BLU_19770818,1977,1977-08-18,9.15,105.8,150.1,Reanálise ERA5-Land (Open-Meteo),evento_1977_08_18_cota_9_15m.csv,94.7,128.8,122.3,150.1,134.3,96.6,88.9,83.4,75.1,83.4
BLU_19760529,1976,1976-05-29,10.85,66.8,74.4,Reanálise ERA5-Land (Open-Meteo),evento_1976_05_29_cota_10_85m.csv,74.4,72.8,60.8,66.3,68.4,66.7,61.5,73.6,50.0,73.6
BLU_19760515,1976,1976-05-15,8.3,29.4,51.6,Reanálise ERA5-Land (Open-Meteo),evento_1976_05_15_cota_8_30m.csv,20.5,25.3,14.0,20.8,14.6,8.6,42.4,51.6,44.2,51.6
BLU_19751213,1975,1975-12-13,8.5,32.6,53.2,Reanálise ERA5-Land (Open-Meteo),evento_1975_12_13_cota_8_50m.csv,52.0,53.2,22.0,36.5,33.1,24.8,36.7,23.9,20.1,23.9
BLU_19751004,1975,1975-10-04,12.63,41.3,61.8,Reanálise ERA5-Land (Open-Meteo),evento_1975_10_04_cota_12_63m.csv,39.1,56.0,47.1,61.8,37.0,21.4,45.2,35.8,34.1,35.8
BLU_19730829,1973,1973-08-29,12.35,71.0,108.1,Reanálise ERA5-Land (Open-Meteo),evento_1973_08_29_cota_12_35m.csv,65.6,60.1,53.1,58.5,65.4,67.0,108.1,80.8,71.1,80.8
BLU_19730728,1973,1973-07-28,9.35,3.7,6.3,Reanálise ERA5-Land (Open-Meteo),evento_1973_07_28_cota_9_35m.csv,5.9,6.3,2.2,4.5,3.3,2.7,3.3,2.0,4.4,2.0
BLU_19730722,1973,1973-07-22,9.3,49.8,62.1,Reanálise ERA5-Land (Open-Meteo),evento_1973_07_22_cota_9_30m.csv,48.2,57.2,54.2,62.1,47.9,35.0,50.0,49.5,44.5,49.5
BLU_19730703,1973,1973-07-03,9.0,38.4,54.8,Reanálise ERA5-Land (Open-Meteo),evento_1973_07_03_cota_9_00m.csv,40.0,51.6,47.5,54.8,40.5,28.9,37.4,29.8,23.9,29.8
BLU_19730625,1973,1973-06-25,11.3,48.3,56.3,Reanálise ERA5-Land (Open-Meteo),evento_1973_06_25_cota_11_30m.csv,53.6,56.3,46.1,48.6,50.9,47.4,46.3,44.6,44.8,44.6
BLU_19720829,1972,1972-08-29,11.35,55.4,72.1,Reanálise ERA5-Land (Open-Meteo),evento_1972_08_29_cota_11_35m.csv,66.8,72.1,59.0,67.7,61.2,56.0,45.3,43.8,38.2,43.8
BLU_19720817,1972,1972-08-17,10.7,3.6,5.7,Reanálise ERA5-Land (Open-Meteo),evento_1972_08_17_cota_10_70m.csv,3.1,5.7,1.9,5.3,4.0,1.4,4.8,3.2,3.1,3.2
BLU_19710609,1971,1971-06-09,10.35,52.0,61.0,Reanálise ERA5-Land (Open-Meteo),evento_1971_06_09_cota_10_35m.csv,55.9,54.6,45.4,50.8,49.3,48.4,61.0,50.3,53.7,50.3
BLU_19690406,1969,1969-04-06,10.14,61.8,85.8,Reanálise ERA5-Land (Open-Meteo),evento_1969_04_06_cota_10_14m.csv,65.6,60.0,45.3,48.3,49.9,52.9,85.8,71.7,67.2,71.7
BLU_19670218,1967,1967-02-18,10.5,89.2,118.3,Reanálise ERA5-Land (Open-Meteo),evento_1967_02_18_cota_10_50m.csv,118.3,108.7,81.0,87.1,89.2,97.5,94.7,71.2,72.7,71.2
BLU_19660213,1966,1966-02-13,10.07,120.9,168.0,Reanálise ERA5-Land (Open-Meteo),evento_1966_02_13_cota_10_07m.csv,117.3,111.4,89.2,95.2,95.8,99.6,168.0,142.7,147.2,142.7
BLU_19630929,1963,1963-09-29,9.67,121.1,143.6,Reanálise ERA5-Land (Open-Meteo),evento_1963_09_29_cota_9_67m.csv,127.4,142.2,110.4,133.5,114.8,100.5,143.6,115.4,107.6,115.4
BLU_19620921,1962,1962-09-21,9.29,96.3,119.9,Reanálise ERA5-Land (Open-Meteo),evento_1962_09_21_cota_9_29m.csv,112.0,119.9,78.2,88.0,100.1,90.1,114.7,90.0,80.1,90.0
BLU_19620909,1962,1962-09-09,8.94,46.9,74.5,Reanálise ERA5-Land (Open-Meteo),evento_1962_09_09_cota_8_94m.csv,63.4,74.5,49.7,68.6,62.2,45.4,36.8,26.1,16.3,26.1
BLU_19611101,1961,1961-11-01,12.49,98.5,119.7,Reanálise ERA5-Land (Open-Meteo),evento_1961_11_01_cota_12_49m.csv,119.7,113.6,82.8,100.1,83.7,85.8,116.1,99.6,84.3,99.6
BLU_19610930,1961,1961-09-30,9.63,43.9,56.1,Reanálise ERA5-Land (Open-Meteo),evento_1961_09_30_cota_9_63m.csv,40.0,44.2,56.1,49.6,44.3,38.6,53.6,41.3,30.1,41.3
BLU_19610912,1961,1961-09-12,10.35,41.1,60.0,Reanálise ERA5-Land (Open-Meteo),evento_1961_09_12_cota_10_35m.csv,44.2,42.4,21.0,29.6,36.5,36.1,60.0,44.2,53.3,44.2
BLU_19570916,1957,1957-09-16,9.44,58.2,83.5,Reanálise ERA5-Land (Open-Meteo),evento_1957_09_16_cota_9_44m.csv,68.1,83.5,51.1,75.5,63.1,44.0,57.0,49.0,41.7,49.0
BLU_19570818,1957,1957-08-18,13.07,62.2,87.7,Reanálise ERA5-Land (Open-Meteo),evento_1957_08_18_cota_13_07m.csv,63.5,71.1,49.1,64.0,57.8,49.6,87.7,60.0,59.3,60.0
BLU_19570802,1957,1957-08-02,10.6,52.2,72.9,Reanálise ERA5-Land (Open-Meteo),evento_1957_08_02_cota_10_60m.csv,44.0,45.9,53.6,49.7,49.3,45.0,72.9,53.6,54.0,53.6
BLU_19570720,1957,1957-07-20,9.28,30.9,37.7,Reanálise ERA5-Land (Open-Meteo),evento_1957_07_20_cota_9_28m.csv,37.7,32.4,24.7,25.3,29.2,34.5,37.7,29.3,28.7,29.3
BLU_19550520,1955,1955-05-20,10.61,33.2,45.8,Reanálise ERA5-Land (Open-Meteo),evento_1955_05_20_cota_10_61m.csv,35.2,42.5,42.5,45.8,30.6,23.1,28.5,28.4,26.9,28.4
BLU_19541122,1954,1954-11-22,12.53,4.3,7.6,Reanálise ERA5-Land (Open-Meteo),evento_1954_11_22_cota_12_53m.csv,4.5,5.2,0.7,1.9,1.7,0.8,7.5,7.6,5.6,7.6
BLU_19540508,1954,1954-05-08,9.56,35.4,46.0,Reanálise ERA5-Land (Open-Meteo),evento_1954_05_08_cota_9_56m.csv,40.9,46.0,36.2,44.7,35.6,30.3,36.5,26.9,29.8,26.9
BLU_19531101,1953,1953-11-01,9.65,19.8,37.4,Reanálise ERA5-Land (Open-Meteo),evento_1953_11_01_cota_9_65m.csv,24.0,19.1,8.1,12.2,13.0,16.2,37.4,20.9,26.6,20.9
BLU_19501017,1950,1950-10-17,9.45,103.4,119.8,Reanálise ERA5-Land (Open-Meteo),evento_1950_10_17_cota_9_45m.csv,119.8,102.6,84.9,84.4,94.8,109.4,113.0,113.2,98.4,113.2
BLU_19480517,1948,1948-05-17,11.85,22.3,32.5,Reanálise ERA5-Land (Open-Meteo),evento_1948_05_17_cota_11_85m.csv,15.9,22.0,32.5,30.6,19.1,12.7,27.0,18.8,25.3,18.8
BLU_19460202,1946,1946-02-02,9.45,95.5,146.3,Reanálise ERA5-Land (Open-Meteo),evento_1946_02_02_cota_9_45m.csv,92.5,92.3,64.4,77.9,68.0,61.7,146.3,104.5,143.1,104.5
BLU_19430803,1943,1943-08-03,10.5,18.0,28.4,Reanálise ERA5-Land (Open-Meteo),evento_1943_08_03_cota_10_50m.csv,23.3,28.4,14.5,26.1,22.5,14.5,18.5,11.2,9.9,11.2
