timestamp,oeste,mirim_doce,sul,perimbo,trombudo,norte,benedito,mirim,luis_alves,acu
1972-08-26T00:00,1.9,2.7,1.9,2.5,1.8,1.1,0.4,0.5,0.3,0.5
1972-08-26T01:00,3.1,4.0,3.4,3.9,3.2,2.2,1.2,1.2,0.8,1.2
1972-08-26T02:00,4.2,4.8,4.5,4.6,4.3,3.6,2.0,2.3,1.5,2.3
1972-08-26T03:00,4.0,4.1,4.5,3.9,4.4,4.2,3.2,3.5,2.4,3.5
1972-08-26T04:00,2.6,2.0,2.6,2.0,2.4,2.9,2.8,2.7,2.1,2.7
1972-08-26T05:00,2.1,1.3,1.1,0.8,1.6,2.3,2.6,2.8,2.6,2.8
1972-08-26T06:00,4.0,2.7,0.8,0.7,1.7,2.8,2.5,2.3,2.1,2.3
1972-08-26T07:00,3.4,3.4,0.8,2.9,3.7,3.5,2.8,3.0,2.3,3.0
1972-08-26T08:00,1.8,1.5,1.7,1.8,2.0,2.4,3.0,3.7,2.5,3.7
1972-08-26T09:00,1.4,0.7,1.2,1.0,1.0,1.8,3.0,3.6,2.6,3.6
1972-08-26T10:00,2.2,1.0,0.6,0.7,0.9,2.0,3.1,2.7,2.8,2.7
1972-08-26T11:00,2.6,1.8,0.9,1.3,1.4,2.3,2.7,2.2,2.6,2.2
1972-08-26T12:00,1.9,1.5,1.3,1.4,1.7,2.2,3.0,2.5,2.6,2.5
1972-08-26T13:00,1.6,1.0,1.1,0.9,1.3,1.8,2.3,2.4,2.3,2.4
1972-08-26T14:00,1.4,0.8,0.6,0.5,0.8,1.4,2.1,1.9,1.8,1.9
1972-08-26T15:00,1.0,0.6,0.4,0.3,0.6,1.1,1.8,1.4,1.6,1.4
1972-08-26T16:00,0.6,0.5,0.3,0.3,0.3,0.3,0.4,0.2,0.5,0.2
1972-08-26T17:00,0.9,0.6,0.4,0.4,0.5,0.7,0.5,0.2,0.2,0.2
1972-08-26T18:00,1.5,0.7,0.3,0.3,0.4,1.1,0.4,0.2,0.5,0.2
1972-08-26T19:00,0.5,0.2,0.2,0.1,0.3,0.6,0.3,0.2,0.3,0.2
1972-08-26T20:00,0.4,0.1,0.1,0.1,0.1,0.4,0.4,0.3,0.3,0.3
1972-08-26T21:00,0.3,0.2,0.1,0.1,0.2,0.3,0.2,0.1,0.2,0.1
1972-08-26T22:00,0.3,0.3,0.2,0.2,0.3,0.3,0.2,0.2,0.4,0.2
1972-08-26T23:00,0.1,0.3,0.4,0.3,0.2,0.1,0.1,0.1,0.1,0.1
1972-08-27T00:00,0.1,0.4,0.4,0.5,0.2,0.1,0.0,0.1,0.0,0.1
1972-08-27T01:00,0.8,1.6,0.4,1.4,0.8,0.1,0.0,0.0,0.0,0.0
1972-08-27T02:00,3.2,4.7,1.3,3.1,2.4,0.7,0.1,0.0,0.0,0.0
1972-08-27T03:00,3.7,6.1,3.6,4.8,4.6,2.4,0.2,0.2,0.1,0.2
1972-08-27T04:00,0.1,0.4,1.9,1.8,0.4,0.2,0.4,0.2,0.4,0.2
1972-08-27T05:00,0.1,0.7,1.0,1.4,0.8,0.2,0.3,0.2,0.3,0.2
1972-08-27T06:00,0.1,0.7,1.2,1.2,0.7,0.1,0.2,0.4,0.2,0.4
1972-08-27T07:00,0.3,0.5,0.5,0.5,0.2,0.1,0.1,0.3,0.1,0.3
1972-08-27T08:00,0.0,0.1,0.4,0.3,0.1,0.0,0.0,0.0,0.0,0.0
1972-08-27T09:00,0.0,0.0,0.0,0.0,0.0,0.0,0.0,0.0,0.0,0.0
1972-08-27T10:00,0.0,0.0,0.1,0.1,0.0,0.0,0.0,0.0,0.0,0.0
1972-08-27T11:00,0.0,0.0,0.1,0.0,0.0,0.0,0.0,0.0,0.0,0.0
1972-08-27T12:00,0.1,0.2,0.2,0.2,0.1,0.0,0.0,0.0,0.0,0.0
1972-08-27T13:00,0.1,0.2,0.2,0.2,0.1,0.0,0.0,0.0,0.0,0.0
1972-08-27T14:00,1.2,1.2,0.0,0.8,0.1,0.0,0.0,0.0,0.0,0.0
1972-08-27T15:00,0.5,1.5,1.8,2.0,1.0,0.0,0.0,0.0,0.0,0.0
1972-08-27T16:00,0.0,0.1,0.3,0.3,0.1,0.0,0.0,0.1,0.0,0.1
1972-08-27T17:00,0.0,0.0,0.1,0.1,0.0,0.0,0.0,0.0,0.0,0.0
1972-08-27T18:00,0.1,0.5,0.0,0.5,0.3,0.0,0.0,0.0,0.0,0.0
1972-08-27T19:00,0.0,1.9,1.1,2.4,1.3,0.1,0.0,0.0,0.0,0.0
1972-08-27T20:00,0.0,0.7,1.9,1.7,0.9,0.1,0.0,0.0,0.0,0.0
1972-08-27T21:00,0.1,0.1,0.5,0.3,0.1,0.0,0.0,0.0,0.0,0.0
1972-08-27T22:00,1.3,2.2,0.4,1.6,0.8,0.1,0.0,0.0,0.0,0.0
1972-08-27T23:00,3.1,5.0,5.1,4.6,3.4,1.0,0.0,0.0,0.0,0.0
1972-08-28T00:00,2.3,1.8,2.4,1.8,2.9,3.4,0.0,0.0,0.0,0.0
1972-08-28T01:00,0.9,0.4,0.7,0.6,0.5,1.0,0.4,0.4,0.4,0.4
1972-08-28T02:00,0.2,0.1,0.4,0.1,0.1,0.3,0.3,0.1,0.2,0.1
1972-08-28T03:00,0.0,0.0,0.0,0.0,0.0,0.0,0.1,0.0,0.0,0.0
1972-08-28T04:00,0.1,0.3,0.4,0.5,0.3,0.1,0.0,0.0,0.0,0.0
1972-08-28T05:00,0.2,0.4,0.2,0.5,0.4,0.2,0.0,0.0,0.0,0.0
1972-08-28T06:00,1.1,0.9,0.4,0.8,0.8,0.9,0.1,0.1,0.0,0.1
1972-08-28T07:00,1.5,1.0,1.0,0.9,1.1,1.7,0.5,0.3,0.2,0.3
1972-08-28T08:00,0.8,0.8,0.8,0.8,0.7,0.7,0.9,0.5,0.5,0.5
1972-08-28T09:00,0.5,0.5,0.5,0.6,0.5,0.5,0.3,0.3,0.1,0.3
1972-08-28T10:00,0.3,0.2,0.2,0.2,0.2,0.3,0.2,0.3,0.1,0.3
1972-08-28T11:00,0.1,0.1,0.1,0.1,0.1,0.1,0.1,0.1,0.1,0.1
1972-08-28T12:00,0.0,0.0,0.0,0.0,0.0,0.0,0.1,0.0,0.1,0.0
1972-08-28T13:00,0.1,0.0,0.0,0.0,0.1,0.1,0.0,0.0,0.0,0.0
1972-08-28T14:00,0.0,0.0,0.0,0.0,0.0,0.0,0.0,0.0,0.0,0.0
1972-08-28T15:00,0.0,0.0,0.0,0.0,0.0,0.1,0.0,0.0,0.0,0.0
1972-08-28T16:00,0.0,0.0,0.0,0.0,0.0,0.0,0.0,0.0,0.0,0.0
1972-08-28T17:00,0.0,0.0,0.0,0.0,0.0,0.0,0.0,0.0,0.0,0.0
1972-08-28T18:00,0.0,0.0,0.0,0.0,0.0,0.0,0.0,0.0,0.0,0.0
1972-08-28T19:00,0.0,0.0,0.0,0.0,0.0,0.0,0.0,0.0,0.0,0.0
1972-08-28T20:00,0.0,0.0,0.0,0.0,0.0,0.0,0.0,0.0,0.0,0.0
1972-08-28T21:00,0.0,0.0,0.0,0.0,0.0,0.0,0.0,0.0,0.0,0.0
1972-08-28T22:00,0.0,0.0,0.0,0.0,0.0,0.0,0.0,0.0,0.0,0.0
1972-08-28T23:00,0.0,0.0,0.0,0.0,0.0,0.0,0.0,0.0,0.0,0.0
1972-08-29T00:00,0.0,0.0,0.0,0.0,0.0,0.0,0.0,0.0,0.0,0.0
1972-08-29T01:00,0.0,0.0,0.0,0.0,0.0,0.0,0.0,0.0,0.0,0.0
1972-08-29T02:00,0.0,0.0,0.0,0.0,0.0,0.0,0.0,0.0,0.0,0.0
1972-08-29T03:00,0.0,0.0,0.0,0.0,0.0,0.0,0.0,0.0,0.0,0.0
1972-08-29T04:00,0.0,0.0,0.0,0.0,0.0,0.0,0.0,0.0,0.0,0.0
1972-08-29T05:00,0.0,0.0,0.0,0.0,0.0,0.0,0.0,0.0,0.0,0.0
1972-08-29T06:00,0.0,0.0,0.0,0.0,0.0,0.0,0.0,0.0,0.0,0.0
1972-08-29T07:00,0.0,0.0,0.0,0.0,0.0,0.0,0.0,0.0,0.0,0.0
1972-08-29T08:00,0.0,0.0,0.0,0.0,0.0,0.0,0.0,0.0,0.0,0.0
1972-08-29T09:00,0.0,0.0,0.0,0.0,0.0,0.0,0.0,0.0,0.0,0.0
1972-08-29T10:00,0.0,0.0,0.0,0.0,0.0,0.0,0.0,0.0,0.0,0.0
1972-08-29T11:00,0.0,0.0,0.0,0.0,0.0,0.0,0.0,0.0,0.0,0.0
1972-08-29T12:00,0.0,0.0,0.0,0.0,0.0,0.0,0.0,0.0,0.0,0.0
1972-08-29T13:00,0.0,0.0,0.0,0.0,0.0,0.0,0.0,0.0,0.0,0.0
1972-08-29T14:00,0.0,0.0,0.0,0.0,0.0,0.0,0.0,0.0,0.0,0.0
1972-08-29T15:00,0.0,0.0,0.0,0.0,0.0,0.0,0.0,0.0,0.0,0.0
1972-08-29T16:00,0.0,0.0,0.0,0.0,0.0,0.0,0.0,0.0,0.0,0.0
1972-08-29T17:00,0.0,0.0,0.0,0.0,0.0,0.0,0.0,0.0,0.0,0.0
1972-08-29T18:00,0.0,0.0,0.0,0.0,0.0,0.0,0.0,0.0,0.0,0.0
1972-08-29T19:00,0.0,0.0,0.0,0.0,0.0,0.0,0.0,0.0,0.0,0.0
1972-08-29T20:00,0.0,0.0,0.0,0.0,0.0,0.0,0.0,0.0,0.0,0.0
1972-08-29T21:00,0.0,0.0,0.0,0.0,0.0,0.0,0.0,0.0,0.0,0.0
1972-08-29T22:00,0.0,0.0,0.0,0.0,0.0,0.0,0.0,0.0,0.0,0.0
1972-08-29T23:00,0.0,0.0,0.0,0.0,0.0,0.0,0.0,0.0,0.0,0.0
1972-08-30T00:00,0.0,0.0,0.0,0.0,0.0,0.0,0.0,0.0,0.0,0.0
1972-08-30T01:00,0.0,0.0,0.0,0.0,0.0,0.0,0.0,0.0,0.0,0.0
1972-08-30T02:00,0.0,0.0,0.0,0.0,0.0,0.0,0.0,0.0,0.0,0.0
1972-08-30T03:00,0.0,0.0,0.0,0.0,0.0,0.0,0.0,0.0,0.0,0.0
1972-08-30T04:00,0.0,0.0,0.0,0.0,0.0,0.0,0.0,0.0,0.0,0.0
1972-08-30T05:00,0.0,0.0,0.0,0.0,0.0,0.0,0.0,0.0,0.0,0.0
1972-08-30T06:00,0.0,0.0,0.0,0.0,0.0,0.0,0.0,0.0,0.0,0.0
1972-08-30T07:00,0.0,0.0,0.0,0.0,0.0,0.0,0.0,0.0,0.0,0.0
1972-08-30T08:00,0.0,0.0,0.0,0.0,0.0,0.0,0.0,0.0,0.0,0.0
1972-08-30T09:00,0.0,0.0,0.0,0.0,0.0,0.0,0.0,0.0,0.0,0.0
1972-08-30T10:00,0.0,0.0,0.0,0.0,0.0,0.0,0.0,0.0,0.0,0.0
1972-08-30T11:00,0.0,0.0,0.0,0.0,0.0,0.0,0.0,0.0,0.0,0.0
1972-08-30T12:00,0.0,0.0,0.0,0.0,0.0,0.0,0.0,0.0,0.0,0.0
1972-08-30T13:00,0.0,0.0,0.0,0.0,0.0,0.0,0.0,0.0,0.0,0.0
1972-08-30T14:00,0.0,0.0,0.0,0.0,0.0,0.0,0.0,0.0,0.0,0.0
1972-08-30T15:00,0.0,0.0,0.0,0.0,0.0,0.0,0.0,0.0,0.0,0.0
1972-08-30T16:00,0.0,0.0,0.0,0.0,0.0,0.0,0.0,0.0,0.0,0.0
1972-08-30T17:00,0.0,0.0,0.0,0.0,0.0,0.0,0.0,0.0,0.0,0.0
1972-08-30T18:00,0.0,0.0,0.0,0.0,0.0,0.0,0.0,0.0,0.0,0.0
1972-08-30T19:00,0.0,0.0,0.0,0.0,0.0,0.0,0.0,0.0,0.0,0.0
1972-08-30T20:00,0.0,0.0,0.0,0.0,0.0,0.0,0.0,0.0,0.0,0.0
1972-08-30T21:00,0.0,0.0,0.0,0.0,0.0,0.0,0.0,0.0,0.0,0.0
1972-08-30T22:00,0.0,0.0,0.0,0.0,0.0,0.0,0.0,0.0,0.0,0.0
1972-08-30T23:00,0.0,0.0,0.0,0.0,0.0,0.0,0.0,0.0,0.0,0.0
1972-08-31T00:00,0.0,0.0,0.0,0.0,0.0,0.0,0.0,0.0,0.0,0.0
1972-08-31T01:00,0.0,0.0,0.0,0.0,0.0,0.0,0.0,0.0,0.0,0.0
1972-08-31T02:00,0.0,0.0,0.0,0.0,0.0,0.0,0.0,0.0,0.0,0.0
1972-08-31T03:00,0.0,0.0,0.0,0.0,0.0,0.0,0.0,0.0,0.0,0.0
1972-08-31T04:00,0.0,0.0,0.0,0.0,0.0,0.0,0.0,0.0,0.0,0.0
1972-08-31T05:00,0.0,0.0,0.0,0.0,0.0,0.0,0.0,0.0,0.0,0.0
1972-08-31T06:00,0.0,0.0,0.0,0.0,0.0,0.0,0.0,0.0,0.0,0.0
1972-08-31T07:00,0.0,0.0,0.0,0.0,0.0,0.0,0.0,0.0,0.0,0.0
1972-08-31T08:00,0.0,0.0,0.0,0.0,0.0,0.0,0.0,0.0,0.0,0.0
1972-08-31T09:00,0.0,0.0,0.0,0.0,0.0,0.0,0.0,0.0,0.0,0.0
1972-08-31T10:00,0.0,0.0,0.0,0.0,0.0,0.0,0.0,0.0,0.0,0.0
1972-08-31T11:00,0.0,0.0,0.0,0.0,0.0,0.0,0.0,0.0,0.0,0.0
1972-08-31T12:00,0.0,0.0,0.0,0.0,0.0,0.0,0.0,0.0,0.0,0.0
1972-08-31T13:00,0.0,0.0,0.0,0.0,0.0,0.0,0.0,0.0,0.0,0.0
1972-08-31T14:00,0.0,0.0,0.0,0.0,0.0,0.0,0.0,0.0,0.0,0.0
1972-08-31T15:00,0.0,0.0,0.0,0.0,0.0,0.0,0.0,0.0,0.0,0.0
1972-08-31T16:00,0.0,0.0,0.0,0.0,0.0,0.0,0.0,0.0,0.0,0.0
1972-08-31T17:00,0.0,0.0,0.0,0.0,0.0,0.0,0.0,0.0,0.0,0.0
1972-08-31T18:00,0.0,0.0,0.0,0.0,0.0,0.0,0.0,0.0,0.0,0.0
1972-08-31T19:00,0.0,0.0,0.0,0.0,0.0,0.0,0.0,0.0,0.0,0.0
1972-08-31T20:00,0.0,0.0,0.0,0.0,0.0,0.0,0.0,0.0,0.0,0.0
1972-08-31T21:00,0.0,0.0,0.0,0.0,0.0,0.0,0.0,0.0,0.0,0.0
1972-08-31T22:00,0.0,0.0,0.0,0.0,0.0,0.0,0.0,0.0,0.0,0.0
1972-08-31T23:00,0.0,0.0,0.0,0.0,0.0,0.0,0.0,0.0,0.0,0.0
1972-09-01T00:00,0.0,0.0,0.0,0.0,0.0,0.0,0.0,0.0,0.0,0.0
1972-09-01T01:00,0.0,0.0,0.0,0.0,0.0,0.0,0.0,0.0,0.0,0.0
1972-09-01T02:00,0.0,0.0,0.0,0.0,0.0,0.0,0.0,0.0,0.0,0.0
1972-09-01T03:00,0.0,0.0,0.0,0.0,0.0,0.0,0.0,0.0,0.0,0.0
1972-09-01T04:00,0.0,0.0,0.0,0.0,0.0,0.0,0.0,0.0,0.0,0.0
1972-09-01T05:00,0.0,0.0,0.0,0.0,0.0,0.0,0.0,0.0,0.0,0.0
1972-09-01T06:00,0.0,0.0,0.0,0.0,0.0,0.0,0.0,0.0,0.0,0.0
1972-09-01T07:00,0.0,0.0,0.0,0.0,0.0,0.0,0.0,0.0,0.0,0.0
1972-09-01T08:00,0.0,0.0,0.0,0.0,0.0,0.0,0.0,0.0,0.0,0.0
1972-09-01T09:00,0.0,0.0,0.0,0.0,0.0,0.0,0.0,0.0,0.0,0.0
1972-09-01T10:00,0.0,0.0,0.0,0.0,0.0,0.0,0.0,0.0,0.0,0.0
1972-09-01T11:00,0.0,0.0,0.0,0.0,0.0,0.0,0.0,0.0,0.0,0.0
1972-09-01T12:00,0.0,0.0,0.0,0.0,0.0,0.0,0.0,0.0,0.0,0.0
1972-09-01T13:00,0.0,0.0,0.0,0.0,0.0,0.0,0.0,0.0,0.0,0.0
1972-09-01T14:00,0.0,0.0,0.0,0.0,0.0,0.0,0.0,0.0,0.0,0.0
1972-09-01T15:00,0.0,0.0,0.0,0.0,0.0,0.0,0.0,0.0,0.0,0.0
1972-09-01T16:00,0.0,0.0,0.0,0.0,0.0,0.0,0.0,0.0,0.0,0.0
1972-09-01T17:00,0.0,0.0,0.0,0.0,0.0,0.0,0.0,0.0,0.0,0.0
1972-09-01T18:00,0.0,0.0,0.0,0.0,0.0,0.0,0.0,0.0,0.0,0.0
1972-09-01T19:00,0.0,0.0,0.0,0.0,0.0,0.0,0.0,0.0,0.0,0.0
1972-09-01T20:00,0.0,0.0,0.0,0.0,0.0,0.0,0.0,0.0,0.0,0.0
1972-09-01T21:00,0.0,0.0,0.0,0.0,0.0,0.0,0.0,0.0,0.0,0.0
1972-09-01T22:00,0.0,0.0,0.0,0.0,0.0,0.0,0.0,0.0,0.0,0.0
1972-09-01T23:00,0.0,0.0,0.0,0.0,0.0,0.0,0.0,0.0,0.0,0.0
