categoria;RiverStation
intersecoes_multiplas;127991.53
intersecoes_multiplas;127941.63
intersecoes_multiplas;127891.73
intersecoes_multiplas;127841.84
intersecoes_multiplas;126150.41
intersecoes_multiplas;126114.08
intersecoes_multiplas;126077.74
intersecoes_multiplas;126041.40
intersecoes_multiplas;116379.70
intersecoes_multiplas;116303.02
intersecoes_multiplas;116263.35
intersecoes_multiplas;116223.68
intersecoes_multiplas;116184.01
intersecoes_multiplas;114674.12
intersecoes_multiplas;114636.78
intersecoes_multiplas;114450.07
intersecoes_multiplas;105798.36
intersecoes_multiplas;104878.43
intersecoes_multiplas;103115.63
intersecoes_multiplas;103068.48
intersecoes_multiplas;103021.32
intersecoes_multiplas;102974.17
intersecoes_multiplas;101698.58
intersecoes_multiplas;99097.62
intersecoes_multiplas;97060.99
intersecoes_multiplas;96864.68
intersecoes_multiplas;95517.90
intersecoes_multiplas;95396.70
intersecoes_multiplas;92348.02
intersecoes_multiplas;91823.43
intersecoes_multiplas;91690.34
intersecoes_multiplas;91424.15
intersecoes_multiplas;89956.85
intersecoes_multiplas;89142.12
intersecoes_multiplas;88879.88
intersecoes_multiplas;88792.46
intersecoes_multiplas;86358.99
intersecoes_multiplas;80967.87
intersecoes_multiplas;78842.67
intersecoes_multiplas;77854.13
intersecoes_multiplas;76397.58
intersecoes_multiplas;76244.85
intersecoes_multiplas;73071.74
intersecoes_multiplas;73024.48
intersecoes_multiplas;72219.30
intersecoes_multiplas;72029.40
intersecoes_multiplas;65870.12
intersecoes_multiplas;64528.54
intersecoes_multiplas;63522.38
intersecoes_multiplas;63292.68
intersecoes_multiplas;63062.97
intersecoes_multiplas;62833.27
intersecoes_multiplas;62351.83
intersecoes_multiplas;59128.99
intersecoes_multiplas;53597.06
intersecoes_multiplas;19605.79
intersecoes_multiplas;18250.43
intersecoes_multiplas;14138.98
intersecoes_multiplas;13658.43
intersecoes_multiplas;12459.53
intersecoes_multiplas;7505.47
intersecoes_multiplas;6717.02
intersecoes_multiplas;6429.51
intersecoes_multiplas;6142.01
intersecoes_multiplas;1695.94
intersecoes_multiplas;1221.01
intersecoes_multiplas;746.07
overlap_vizinha;141322.34
overlap_vizinha;141297.34
overlap_vizinha;141272.34
overlap_vizinha;139822.34
overlap_vizinha;139772.34
overlap_vizinha;136263.76
overlap_vizinha;136188.76
overlap_vizinha;130736.43
overlap_vizinha;130709.03
overlap_vizinha;130654.22
overlap_vizinha;130626.81
overlap_vizinha;129047.95
overlap_vizinha;129022.95
overlap_vizinha;128997.95
overlap_vizinha;127991.53
overlap_vizinha;127941.63
overlap_vizinha;127891.73
overlap_vizinha;127841.84
overlap_vizinha;126077.74
overlap_vizinha;126041.40
overlap_vizinha;123053.74
overlap_vizinha;123003.74
overlap_vizinha;116263.35
overlap_vizinha;116223.68
overlap_vizinha;116184.01
overlap_vizinha;116144.34
overlap_vizinha;103021.32
overlap_vizinha;102974.17
overlap_vizinha;98077.92
overlap_vizinha;98008.82
overlap_vizinha;91823.43
overlap_vizinha;91690.34
overlap_vizinha;75768.43
overlap_vizinha;75682.97
overlap_vizinha;73071.74
overlap_vizinha;73024.48
overlap_vizinha;64528.54
overlap_vizinha;64140.31
overlap_vizinha;63292.68
overlap_vizinha;63062.97
overlap_vizinha;62833.27
overlap_vizinha;62351.83
overlap_vizinha;20962.49
overlap_vizinha;20660.82
overlap_vizinha;20359.14
overlap_vizinha;20057.47
overlap_vizinha;19605.79
overlap_vizinha;19154.12
overlap_vizinha;18702.28
overlap_vizinha;18250.43
overlap_vizinha;16863.82
overlap_vizinha;16210.04
overlap_vizinha;15536.60
overlap_vizinha;14619.52
overlap_vizinha;14138.98
overlap_vizinha;13658.43
overlap_vizinha;12459.53
overlap_vizinha;12044.61
overlap_vizinha;7505.47
overlap_vizinha;7111.25
overlap_vizinha;6429.51
overlap_vizinha;6142.01
overlap_vizinha;3952.87
overlap_vizinha;3696.55
overlap_vizinha;1695.94
overlap_vizinha;1221.01
orientacao_angular;136263.76
orientacao_angular;134665.45
orientacao_angular;134625.15
orientacao_angular;134192.74
orientacao_angular;134115.76
orientacao_angular;134038.77
orientacao_angular;133961.79
orientacao_angular;133459.25
orientacao_angular;133409.45
orientacao_angular;133359.66
orientacao_angular;133210.27
orientacao_angular;133160.47
orientacao_angular;133110.67
orientacao_angular;130791.24
orientacao_angular;130763.84
orientacao_angular;130736.43
orientacao_angular;130709.03
orientacao_angular;130681.62
orientacao_angular;130654.22
orientacao_angular;130626.81
orientacao_angular;130599.41
orientacao_angular;130489.79
orientacao_angular;130462.38
orientacao_angular;130434.98
orientacao_angular;130407.57
orientacao_angular;128091.33
orientacao_angular;128041.43
orientacao_angular;127991.53
orientacao_angular;127941.63
orientacao_angular;127891.73
orientacao_angular;127841.84
orientacao_angular;127791.94
orientacao_angular;127742.04
orientacao_angular;127692.14
orientacao_angular;127642.24
orientacao_angular;127448.69
orientacao_angular;127354.94
orientacao_angular;127261.18
orientacao_angular;126673.55
orientacao_angular;126606.35
orientacao_angular;126223.09
orientacao_angular;126186.75
orientacao_angular;126150.41
orientacao_angular;126114.08
orientacao_angular;126077.74
orientacao_angular;126041.40
orientacao_angular;126005.07
orientacao_angular;125288.67
orientacao_angular;125226.82
orientacao_angular;124855.71
orientacao_angular;124824.79
orientacao_angular;124793.86
orientacao_angular;124762.94
orientacao_angular;124605.03
orientacao_angular;124539.89
orientacao_angular;124474.76
orientacao_angular;124409.62
orientacao_angular;119896.14
orientacao_angular;119681.87
orientacao_angular;119602.33
orientacao_angular;119522.80
orientacao_angular;119443.27
orientacao_angular;119017.17
orientacao_angular;118970.29
orientacao_angular;116379.70
orientacao_angular;116303.02
orientacao_angular;116263.35
orientacao_angular;116223.68
orientacao_angular;116184.01
orientacao_angular;116144.34
orientacao_angular;115607.97
orientacao_angular;115568.27
orientacao_angular;115528.58
orientacao_angular;115488.88
orientacao_angular;115449.19
orientacao_angular;115409.50
orientacao_angular;115369.80
orientacao_angular;115250.72
orientacao_angular;114823.49
orientacao_angular;114786.15
orientacao_angular;114748.81
orientacao_angular;114711.46
orientacao_angular;114674.12
orientacao_angular;114636.78
orientacao_angular;114599.44
orientacao_angular;114562.10
orientacao_angular;114524.75
orientacao_angular;114487.41
orientacao_angular;114450.07
orientacao_angular;114412.73
orientacao_angular;114375.38
orientacao_angular;112589.95
orientacao_angular;112549.83
orientacao_angular;112394.45
orientacao_angular;112319.30
orientacao_angular;112244.16
orientacao_angular;111555.17
orientacao_angular;111456.10
orientacao_angular;111072.16
orientacao_angular;110886.38
orientacao_angular;110700.59
orientacao_angular;110166.95
orientacao_angular;107910.42
orientacao_angular;107826.38
orientacao_angular;107742.34
orientacao_angular;107658.30
orientacao_angular;106060.12
orientacao_angular;105929.24
orientacao_angular;105798.36
orientacao_angular;105382.99
orientacao_angular;104951.78
orientacao_angular;104878.43
orientacao_angular;104805.07
orientacao_angular;104413.85
orientacao_angular;103162.79
orientacao_angular;103115.63
orientacao_angular;103068.48
orientacao_angular;103021.32
orientacao_angular;102974.17
orientacao_angular;102927.02
orientacao_angular;102879.86
orientacao_angular;102832.71
orientacao_angular;102296.48
orientacao_angular;101992.27
orientacao_angular;101698.58
orientacao_angular;101022.64
orientacao_angular;100200.76
orientacao_angular;99257.80
orientacao_angular;99097.62
orientacao_angular;98147.03
orientacao_angular;98077.92
orientacao_angular;97060.99
orientacao_angular;96864.68
orientacao_angular;96471.65
orientacao_angular;96274.93
orientacao_angular;95639.10
orientacao_angular;95517.90
orientacao_angular;95396.70
orientacao_angular;95275.51
orientacao_angular;94877.77
orientacao_angular;94739.50
orientacao_angular;94601.23
orientacao_angular;94222.95
orientacao_angular;93255.21
orientacao_angular;92775.65
orientacao_angular;92659.71
orientacao_angular;92478.52
orientacao_angular;92413.27
orientacao_angular;92348.02
orientacao_angular;92282.77
orientacao_angular;91823.43
orientacao_angular;91690.34
orientacao_angular;91557.24
orientacao_angular;91424.15
orientacao_angular;89956.85
orientacao_angular;89142.12
orientacao_angular;89054.71
orientacao_angular;88967.29
orientacao_angular;88879.88
orientacao_angular;88792.46
orientacao_angular;88705.05
orientacao_angular;88374.99
orientacao_angular;86358.99
orientacao_angular;86081.03
orientacao_angular;85530.36
orientacao_angular;83836.29
orientacao_angular;83481.74
orientacao_angular;83356.11
orientacao_angular;82721.57
orientacao_angular;82463.89
orientacao_angular;81232.15
orientacao_angular;81100.01
orientacao_angular;80967.87
orientacao_angular;80727.06
orientacao_angular;79894.75
orientacao_angular;79714.43
orientacao_angular;79098.24
orientacao_angular;78842.67
orientacao_angular;77854.13
orientacao_angular;76397.58
orientacao_angular;76244.85
orientacao_angular;75768.43
orientacao_angular;75682.97
orientacao_angular;73166.27
orientacao_angular;73119.01
orientacao_angular;73071.74
orientacao_angular;73024.48
orientacao_angular;72977.21
orientacao_angular;72929.95
orientacao_angular;72882.69
orientacao_angular;72835.42
orientacao_angular;72788.16
orientacao_angular;72740.89
orientacao_angular;72693.63
orientacao_angular;72504.15
orientacao_angular;72409.20
orientacao_angular;72314.25
orientacao_angular;72219.30
orientacao_angular;72124.35
orientacao_angular;72029.40
orientacao_angular;71934.45
orientacao_angular;70445.81
orientacao_angular;70341.87
orientacao_angular;70012.55
orientacao_angular;69133.70
orientacao_angular;67139.57
orientacao_angular;66498.90
orientacao_angular;66020.78
orientacao_angular;65870.12
orientacao_angular;65308.74
orientacao_angular;64528.54
orientacao_angular;64140.31
orientacao_angular;63522.38
orientacao_angular;63292.68
orientacao_angular;63062.97
orientacao_angular;62351.83
orientacao_angular;59128.99
orientacao_angular;56789.82
orientacao_angular;56099.99
orientacao_angular;55295.14
orientacao_angular;53597.06
orientacao_angular;52874.43
orientacao_angular;52642.93
orientacao_angular;52411.43
orientacao_angular;50773.21
orientacao_angular;50095.39
orientacao_angular;47388.66
orientacao_angular;47124.98
orientacao_angular;46682.89
orientacao_angular;40968.47
orientacao_angular;39331.20
orientacao_angular;37239.93
orientacao_angular;35168.92
orientacao_angular;32605.05
orientacao_angular;20660.82
orientacao_angular;20359.14
orientacao_angular;19605.79
orientacao_angular;18250.43
orientacao_angular;14138.98
orientacao_angular;13658.43
orientacao_angular;13397.10
orientacao_angular;13135.77
orientacao_angular;12459.53
orientacao_angular;6717.02
orientacao_angular;6429.51
orientacao_angular;6142.01
orientacao_angular;4477.32
orientacao_angular;3696.55
orientacao_angular;3036.88
orientacao_angular;2164.73
orientacao_angular;1695.94
orientacao_angular;1221.01
orientacao_angular;746.07
talvegue_na_ponta;118529.66
talvegue_na_ponta;75255.62
talvegue_na_ponta;74583.12
talvegue_na_ponta;73981.17
talvegue_na_ponta;63522.38
talvegue_na_ponta;75.00
cobertura_mdt_baixa;7505.47
cobertura_mdt_baixa;6717.02
cobertura_mdt_baixa;6429.51
cobertura_mdt_baixa;6142.01
cobertura_mdt_baixa;4477.32
cobertura_mdt_baixa;3952.87
cobertura_mdt_baixa;75.00
degrau_fundo_g06;127448.69 -> 127354.94 (-2.77 m)
degrau_fundo_g06;94739.50 -> 94601.23 (-2.57 m)
degrau_fundo_g06;51017.91 -> 50773.21 (-2.33 m)
degrau_fundo_g06;123528.74 -> 123503.74 (-2.13 m)
degrau_fundo_g06;94601.23 -> 94462.96 (+2.06 m)
degrau_fundo_g06;132580.53 -> 132555.53 (-1.99 m)
degrau_fundo_g06;140922.34 -> 140872.34 (-1.97 m)
degrau_fundo_g06;137623.17 -> 137593.17 (-1.89 m)
