nivel;camada;onde;mensagem
Fatal;Cross Sections;Itajai_Mirim, R1 (114503.3);Left Bank Station point is different than the bankline intersection (>1%)
Fatal;Cross Sections;Itajai_Mirim, R1 (114253.3);Left Bank Station point is different than the bankline intersection (>1%)
Fatal;Cross Sections;Itajai_Mirim, R1 (114253.3);Right Bank Station point is different than the bankline intersection (>1%)
Fatal;Cross Sections;Itajai_Mirim, R1 (114003.3);Right Bank Station point is different than the bankline intersection (>1%)
Fatal;Cross Sections;Itajai_Mirim, R1 (113753.3);Left Bank Station point is different than the bankline intersection (>1%)
Fatal;Cross Sections;Itajai_Mirim, R1 (113503.3);Left Bank Station point is different than the bankline intersection (>1%)
Fatal;Cross Sections;Itajai_Mirim, R1 (113503.3);Right Bank Station point is different than the bankline intersection (>1%)
Fatal;Cross Sections;Itajai_Mirim, R1 (113253.3);Left Bank Station point is different than the bankline intersection (>1%)
Fatal;Cross Sections;Itajai_Mirim, R1 (113253.3);Right Bank Station point is different than the bankline intersection (>1%)
Fatal;Cross Sections;Itajai_Mirim, R1 (112253.3);Left Bank Station point is different than the bankline intersection (>1%)
Fatal;Cross Sections;Itajai_Mirim, R1 (112253.3);Right Bank Station point is different than the bankline intersection (>1%)
Fatal;Cross Sections;Itajai_Mirim, R1 (111253.3);Right Bank Station point is different than the bankline intersection (>1%)
Fatal;Cross Sections;Itajai_Mirim, R1 (111003.3);Left Bank Station point is different than the bankline intersection (>1%)
Fatal;Cross Sections;Itajai_Mirim, R1 (111003.3);Right Bank Station point is different than the bankline intersection (>1%)
Fatal;Cross Sections;Itajai_Mirim, R1 (110503.3);Left Bank Station point is different than the bankline intersection (>1%)
Fatal;Cross Sections;Itajai_Mirim, R1 (110503.3);Right Bank Station point is different than the bankline intersection (>1%)
Fatal;Cross Sections;Itajai_Mirim, R1 (109753.3);Left Bank Station point is different than the bankline intersection (>1%)
Fatal;Cross Sections;Itajai_Mirim, R1 (109753.3);Right Bank Station point is different than the bankline intersection (>1%)
Fatal;Cross Sections;Itajai_Mirim, R1 (108753.3);Right Bank Station point is different than the bankline intersection (>1%)
Fatal;Cross Sections;Itajai_Mirim, R1 (108503.3);Left Bank Station point is different than the bankline intersection (>1%)
Fatal;Cross Sections;Itajai_Mirim, R1 (108503.3);Right Bank Station point is different than the bankline intersection (>1%)
Fatal;Cross Sections;Itajai_Mirim, R1 (107753.3);Left Bank Station point is different than the bankline intersection (>1%)
Fatal;Cross Sections;Itajai_Mirim, R1 (106503.3);Left Bank Station point is different than the bankline intersection (>1%)
Fatal;Cross Sections;Itajai_Mirim, R1 (106003.3);Left Bank Station point is different than the bankline intersection (>1%)
Fatal;Cross Sections;Itajai_Mirim, R1 (106003.3);Right Bank Station point is different than the bankline intersection (>1%)
Fatal;Cross Sections;Itajai_Mirim, R1 (105753.3);Left Bank Station point is different than the bankline intersection (>1%)
Fatal;Cross Sections;Itajai_Mirim, R1 (105753.3);Right Bank Station point is different than the bankline intersection (>1%)
Fatal;Cross Sections;Itajai_Mirim, R1 (105253.3);Left Bank Station point is different than the bankline intersection (>1%)
Fatal;Cross Sections;Itajai_Mirim, R1 (105253.3);Right Bank Station point is different than the bankline intersection (>1%)
Fatal;Cross Sections;Itajai_Mirim, R1 (104503.3);Left Bank Station point is different than the bankline intersection (>1%)
Fatal;Cross Sections;Itajai_Mirim, R1 (104503.3);Right Bank Station point is different than the bankline intersection (>1%)
Fatal;Cross Sections;Itajai_Mirim, R1 (104253.3);Left Bank Station point is different than the bankline intersection (>1%)
Fatal;Cross Sections;Itajai_Mirim, R1 (103753.3);Right Bank Station point is different than the bankline intersection (>1%)
Fatal;Cross Sections;Itajai_Mirim, R1 (103253.3);Left Bank Station point is different than the bankline intersection (>1%)
Fatal;Cross Sections;Itajai_Mirim, R1 (103253.3);Right Bank Station point is different than the bankline intersection (>1%)
Fatal;Cross Sections;Itajai_Mirim, R1 (102503.3);Right Bank Station point is different than the bankline intersection (>1%)
Fatal;Cross Sections;Itajai_Mirim, R1 (102003.3);Left Bank Station point is different than the bankline intersection (>1%)
Fatal;Cross Sections;Itajai_Mirim, R1 (102003.3);Right Bank Station point is different than the bankline intersection (>1%)
Fatal;Cross Sections;Itajai_Mirim, R1 (101503.3);Left Bank Station point is different than the bankline intersection (>1%)
Fatal;Cross Sections;Itajai_Mirim, R1 (101003.3);Left Bank Station point is different than the bankline intersection (>1%)
Fatal;Cross Sections;Itajai_Mirim, R1 (101003.3);Right Bank Station point is different than the bankline intersection (>1%)
Fatal;Cross Sections;Itajai_Mirim, R1 (100003.3);Left Bank Station point is different than the bankline intersection (>1%)
Fatal;Cross Sections;Itajai_Mirim, R1 (100003.3);Right Bank Station point is different than the bankline intersection (>1%)
Fatal;Cross Sections;Itajai_Mirim, R1 (99253.33);Right Bank Station point is different than the bankline intersection (>1%)
Fatal;Cross Sections;Itajai_Mirim, R1 (98503.33);Left Bank Station point is different than the bankline intersection (>1%)
Fatal;Cross Sections;Itajai_Mirim, R1 (98503.33);Right Bank Station point is different than the bankline intersection (>1%)
Fatal;Cross Sections;Itajai_Mirim, R1 (98253.33);Left Bank Station point is different than the bankline intersection (>1%)
Fatal;Cross Sections;Itajai_Mirim, R1 (98253.33);Right Bank Station point is different than the bankline intersection (>1%)
Fatal;Cross Sections;Itajai_Mirim, R1 (98003.33);Right Bank Station point is different than the bankline intersection (>1%)
Fatal;Cross Sections;Itajai_Mirim, R1 (96753.33);Right Bank Station point is different than the bankline intersection (>1%)
Fatal;Cross Sections;Itajai_Mirim, R1 (96003.33);Left Bank Station point is different than the bankline intersection (>1%)
Fatal;Cross Sections;Itajai_Mirim, R1 (95003.33);Left Bank Station point is different than the bankline intersection (>1%)
Fatal;Cross Sections;Itajai_Mirim, R1 (95003.33);Right Bank Station point is different than the bankline intersection (>1%)
Fatal;Cross Sections;Itajai_Mirim, R1 (94503.33);Left Bank Station point is different than the bankline intersection (>1%)
Fatal;Cross Sections;Itajai_Mirim, R1 (94503.33);Right Bank Station point is different than the bankline intersection (>1%)
Fatal;Cross Sections;Itajai_Mirim, R1 (93753.33);Left Bank Station point is different than the bankline intersection (>1%)
Fatal;Cross Sections;Itajai_Mirim, R1 (93253.33);Right Bank Station point is different than the bankline intersection (>1%)
Fatal;Cross Sections;Itajai_Mirim, R1 (92753.33);Left Bank Station point is different than the bankline intersection (>1%)
Fatal;Cross Sections;Itajai_Mirim, R1 (92753.33);Right Bank Station point is different than the bankline intersection (>1%)
Fatal;Cross Sections;Itajai_Mirim, R1 (92253.33);Right Bank Station point is different than the bankline intersection (>1%)
Fatal;Cross Sections;Itajai_Mirim, R1 (92003.33);Left Bank Station point is different than the bankline intersection (>1%)
Fatal;Cross Sections;Itajai_Mirim, R1 (92003.33);Right Bank Station point is different than the bankline intersection (>1%)
Fatal;Cross Sections;Itajai_Mirim, R1 (91753.33);Left Bank Station point is different than the bankline intersection (>1%)
Fatal;Cross Sections;Itajai_Mirim, R1 (91753.33);Right Bank Station point is different than the bankline intersection (>1%)
Fatal;Cross Sections;Itajai_Mirim, R1 (91003.33);Left Bank Station point is different than the bankline intersection (>1%)
Fatal;Cross Sections;Itajai_Mirim, R1 (91003.33);Right Bank Station point is different than the bankline intersection (>1%)
Fatal;Cross Sections;Itajai_Mirim, R1 (90253.33);Left Bank Station point is different than the bankline intersection (>1%)
Fatal;Cross Sections;Itajai_Mirim, R1 (90003.33);Left Bank Station point is different than the bankline intersection (>1%)
Fatal;Cross Sections;Itajai_Mirim, R1 (89503.33);Left Bank Station point is different than the bankline intersection (>1%)
Fatal;Cross Sections;Itajai_Mirim, R1 (89503.33);Right Bank Station point is different than the bankline intersection (>1%)
Fatal;Cross Sections;Itajai_Mirim, R1 (89003.33);Right Bank Station point is different than the bankline intersection (>1%)
Fatal;Cross Sections;Itajai_Mirim, R1 (88253.33);Right Bank Station point is different than the bankline intersection (>1%)
Fatal;Cross Sections;Itajai_Mirim, R1 (87503.33);Left Bank Station point is different than the bankline intersection (>1%)
Fatal;Cross Sections;Itajai_Mirim, R1 (87503.33);Right Bank Station point is different than the bankline intersection (>1%)
Fatal;Cross Sections;Itajai_Mirim, R1 (86753.33);Right Bank Station point is different than the bankline intersection (>1%)
Fatal;Cross Sections;Itajai_Mirim, R1 (86003.33);Right Bank Station point is different than the bankline intersection (>1%)
Fatal;Cross Sections;Itajai_Mirim, R1 (85253.33);Left Bank Station point is different than the bankline intersection (>1%)
Fatal;Cross Sections;Itajai_Mirim, R1 (85253.33);Right Bank Station point is different than the bankline intersection (>1%)
Fatal;Cross Sections;Itajai_Mirim, R1 (84753.33);Left Bank Station point is different than the bankline intersection (>1%)
Fatal;Cross Sections;Itajai_Mirim, R1 (84753.33);Right Bank Station point is different than the bankline intersection (>1%)
Fatal;Cross Sections;Itajai_Mirim, R1 (84503.33);Left Bank Station point is different than the bankline intersection (>1%)
Fatal;Cross Sections;Itajai_Mirim, R1 (84503.33);Right Bank Station point is different than the bankline intersection (>1%)
Fatal;Cross Sections;Itajai_Mirim, R1 (84003.33);Right Bank Station point is different than the bankline intersection (>1%)
Fatal;Cross Sections;Itajai_Mirim, R1 (83503.33);Right Bank Station point is different than the bankline intersection (>1%)
Fatal;Cross Sections;Itajai_Mirim, R1 (81253.33);Right Bank Station point is different than the bankline intersection (>1%)
Fatal;Cross Sections;Itajai_Mirim, R1 (80753.33);Right Bank Station point is different than the bankline intersection (>1%)
Fatal;Cross Sections;Itajai_Mirim, R1 (80253.33);Left Bank Station point is different than the bankline intersection (>1%)
Fatal;Cross Sections;Itajai_Mirim, R1 (79253.33);Left Bank Station point is different than the bankline intersection (>1%)
Fatal;Cross Sections;Itajai_Mirim, R1 (79253.33);Right Bank Station point is different than the bankline intersection (>1%)
Fatal;Cross Sections;Itajai_Mirim, R1 (79003.33);Left Bank Station point is different than the bankline intersection (>1%)
Fatal;Cross Sections;Itajai_Mirim, R1 (79003.33);Right Bank Station point is different than the bankline intersection (>1%)
Fatal;Cross Sections;Itajai_Mirim, R1 (78253.33);Right Bank Station point is different than the bankline intersection (>1%)
Fatal;Cross Sections;Itajai_Mirim, R1 (77503.33);Left Bank Station point is different than the bankline intersection (>1%)
Fatal;Cross Sections;Itajai_Mirim, R1 (77503.33);Right Bank Station point is different than the bankline intersection (>1%)
Fatal;Cross Sections;Itajai_Mirim, R1 (76753.33);Left Bank Station point is different than the bankline intersection (>1%)
Fatal;Cross Sections;Itajai_Mirim, R1 (76753.33);Right Bank Station point is different than the bankline intersection (>1%)
Fatal;Cross Sections;Itajai_Mirim, R1 (76003.33);Left Bank Station point is different than the bankline intersection (>1%)
Fatal;Cross Sections;Itajai_Mirim, R1 (76003.33);Right Bank Station point is different than the bankline intersection (>1%)
Fatal;Cross Sections;Itajai_Mirim, R1 (75003.33);Right Bank Station point is different than the bankline intersection (>1%)
Fatal;Cross Sections;Itajai_Mirim, R1 (74753.33);Left Bank Station point is different than the bankline intersection (>1%)
Fatal;Cross Sections;Itajai_Mirim, R1 (74753.33);Right Bank Station point is different than the bankline intersection (>1%)
Fatal;Cross Sections;Itajai_Mirim, R1 (73503.33);Left Bank Station point is different than the bankline intersection (>1%)
Fatal;Cross Sections;Itajai_Mirim, R1 (73503.33);Right Bank Station point is different than the bankline intersection (>1%)
Fatal;Cross Sections;Itajai_Mirim, R1 (73003.33);Left Bank Station point is different than the bankline intersection (>1%)
Fatal;Cross Sections;Itajai_Mirim, R1 (73003.33);Right Bank Station point is different than the bankline intersection (>1%)
Fatal;Cross Sections;Itajai_Mirim, R1 (72003.33);Left Bank Station point is different than the bankline intersection (>1%)
Fatal;Cross Sections;Itajai_Mirim, R1 (70753.33);Left Bank Station point is different than the bankline intersection (>1%)
Fatal;Cross Sections;Itajai_Mirim, R1 (70753.33);Right Bank Station point is different than the bankline intersection (>1%)
Fatal;Cross Sections;Itajai_Mirim, R1 (70253.33);Left Bank Station point is different than the bankline intersection (>1%)
Fatal;Cross Sections;Itajai_Mirim, R1 (69503.33);Left Bank Station point is different than the bankline intersection (>1%)
Fatal;Cross Sections;Itajai_Mirim, R1 (69503.33);Right Bank Station point is different than the bankline intersection (>1%)
Fatal;Cross Sections;Itajai_Mirim, R1 (68753.33);Right Bank Station point is different than the bankline intersection (>1%)
Fatal;Cross Sections;Itajai_Mirim, R1 (67753.33);Left Bank Station point is different than the bankline intersection (>1%)
Fatal;Cross Sections;Itajai_Mirim, R1 (67753.33);Right Bank Station point is different than the bankline intersection (>1%)
Fatal;Cross Sections;Itajai_Mirim, R1 (67503.33);Right Bank Station point is different than the bankline intersection (>1%)
Fatal;Cross Sections;Itajai_Mirim, R1 (66753.33);Left Bank Station point is different than the bankline intersection (>1%)
Fatal;Cross Sections;Itajai_Mirim, R1 (66753.33);Right Bank Station point is different than the bankline intersection (>1%)
Fatal;Cross Sections;Itajai_Mirim, R1 (66003.33);Right Bank Station point is different than the bankline intersection (>1%)
Fatal;Cross Sections;Itajai_Mirim, R1 (65753.33);Left Bank Station point is different than the bankline intersection (>1%)
Fatal;Cross Sections;Itajai_Mirim, R1 (65753.33);Right Bank Station point is different than the bankline intersection (>1%)
Fatal;Cross Sections;Itajai_Mirim, R1 (65253.33);Left Bank Station point is different than the bankline intersection (>1%)
Fatal;Cross Sections;Itajai_Mirim, R1 (65253.33);Right Bank Station point is different than the bankline intersection (>1%)
Fatal;Cross Sections;Itajai_Mirim, R1 (65003.33);Left Bank Station point is different than the bankline intersection (>1%)
Fatal;Cross Sections;Itajai_Mirim, R1 (63753.33);Left Bank Station point is different than the bankline intersection (>1%)
Fatal;Cross Sections;Itajai_Mirim, R1 (63753.33);Right Bank Station point is different than the bankline intersection (>1%)
Fatal;Cross Sections;Itajai_Mirim, R1 (63003.33);Left Bank Station point is different than the bankline intersection (>1%)
Fatal;Cross Sections;Itajai_Mirim, R1 (63003.33);Right Bank Station point is different than the bankline intersection (>1%)
Fatal;Cross Sections;Itajai_Mirim, R1 (62503.33);Left Bank Station point is different than the bankline intersection (>1%)
Fatal;Cross Sections;Itajai_Mirim, R1 (62503.33);Right Bank Station point is different than the bankline intersection (>1%)
Fatal;Cross Sections;Itajai_Mirim, R1 (62003.33);Left Bank Station point is different than the bankline intersection (>1%)
Fatal;Cross Sections;Itajai_Mirim, R1 (60753.33);Left Bank Station point is different than the bankline intersection (>1%)
Fatal;Cross Sections;Itajai_Mirim, R1 (60253.33);Left Bank Station point is different than the bankline intersection (>1%)
Fatal;Cross Sections;Itajai_Mirim, R1 (60253.33);Right Bank Station point is different than the bankline intersection (>1%)
Fatal;Cross Sections;Itajai_Mirim, R1 (59753.33);Left Bank Station point is different than the bankline intersection (>1%)
Fatal;Cross Sections;Itajai_Mirim, R1 (59753.33);Right Bank Station point is different than the bankline intersection (>1%)
Fatal;Cross Sections;Itajai_Mirim, R1 (59503.33);Left Bank Station point is different than the bankline intersection (>1%)
Fatal;Cross Sections;Itajai_Mirim, R1 (58503.33);Right Bank Station point is different than the bankline intersection (>1%)
Fatal;Cross Sections;Itajai_Mirim, R1 (57503.33);Left Bank Station point is different than the bankline intersection (>1%)
Fatal;Cross Sections;Itajai_Mirim, R1 (57503.33);Right Bank Station point is different than the bankline intersection (>1%)
Fatal;Cross Sections;Itajai_Mirim, R1 (56753.33);Left Bank Station point is different than the bankline intersection (>1%)
Fatal;Cross Sections;Itajai_Mirim, R1 (56753.33);Right Bank Station point is different than the bankline intersection (>1%)
Fatal;Cross Sections;Itajai_Mirim, R1 (56503.33);Left Bank Station point is different than the bankline intersection (>1%)
Fatal;Cross Sections;Itajai_Mirim, R1 (56253.33);Left Bank Station point is different than the bankline intersection (>1%)
Fatal;Cross Sections;Itajai_Mirim, R1 (56253.33);Right Bank Station point is different than the bankline intersection (>1%)
Fatal;Cross Sections;Itajai_Mirim, R1 (55753.33);Left Bank Station point is different than the bankline intersection (>1%)
Fatal;Cross Sections;Itajai_Mirim, R1 (55753.33);Right Bank Station point is different than the bankline intersection (>1%)
Fatal;Cross Sections;Itajai_Mirim, R1 (54503.33);Left Bank Station point is different than the bankline intersection (>1%)
Fatal;Cross Sections;Itajai_Mirim, R1 (53503.33);Right Bank Station point is different than the bankline intersection (>1%)
Fatal;Cross Sections;Itajai_Mirim, R1 (53253.33);Left Bank Station point is different than the bankline intersection (>1%)
Fatal;Cross Sections;Itajai_Mirim, R1 (53253.33);Right Bank Station point is different than the bankline intersection (>1%)
Fatal;Cross Sections;Itajai_Mirim, R1 (52753.33);Left Bank Station point is different than the bankline intersection (>1%)
Fatal;Cross Sections;Itajai_Mirim, R1 (51753.33);Left Bank Station point is different than the bankline intersection (>1%)
Fatal;Cross Sections;Itajai_Mirim, R1 (51503.33);Left Bank Station point is different than the bankline intersection (>1%)
Fatal;Cross Sections;Itajai_Mirim, R1 (51503.33);Right Bank Station point is different than the bankline intersection (>1%)
Fatal;Cross Sections;Itajai_Mirim, R1 (51003.33);Left Bank Station point is different than the bankline intersection (>1%)
Fatal;Cross Sections;Itajai_Mirim, R1 (51003.33);Right Bank Station point is different than the bankline intersection (>1%)
Fatal;Cross Sections;Itajai_Mirim, R1 (50003.33);Left Bank Station point is different than the bankline intersection (>1%)
Fatal;Cross Sections;Itajai_Mirim, R1 (50003.33);Right Bank Station point is different than the bankline intersection (>1%)
Fatal;Cross Sections;Itajai_Mirim, R1 (49003.33);Left Bank Station point is different than the bankline intersection (>1%)
Fatal;Cross Sections;Itajai_Mirim, R1 (49003.33);Right Bank Station point is different than the bankline intersection (>1%)
Fatal;Cross Sections;Itajai_Mirim, R1 (48753.33);Left Bank Station point is different than the bankline intersection (>1%)
Fatal;Cross Sections;Itajai_Mirim, R1 (48753.33);Right Bank Station point is different than the bankline intersection (>1%)
Fatal;Cross Sections;Itajai_Mirim, R1 (48003.33);Right Bank Station point is different than the bankline intersection (>1%)
Fatal;Cross Sections;Itajai_Mirim, R1 (47253.33);Right Bank Station point is different than the bankline intersection (>1%)
Fatal;Cross Sections;Itajai_Mirim, R1 (47003.33);Left Bank Station point is different than the bankline intersection (>1%)
Fatal;Cross Sections;Itajai_Mirim, R1 (46253.33);Left Bank Station point is different than the bankline intersection (>1%)
Fatal;Cross Sections;Itajai_Mirim, R1 (46253.33);Right Bank Station point is different than the bankline intersection (>1%)
Fatal;Cross Sections;Itajai_Mirim, R1 (45753.33);Left Bank Station point is different than the bankline intersection (>1%)
Fatal;Cross Sections;Itajai_Mirim, R1 (45003.33);Right Bank Station point is different than the bankline intersection (>1%)
Fatal;Cross Sections;Itajai_Mirim, R1 (44503.33);Left Bank Station point is different than the bankline intersection (>1%)
Fatal;Cross Sections;Itajai_Mirim, R1 (44253.33);Left Bank Station point is different than the bankline intersection (>1%)
Fatal;Cross Sections;Itajai_Mirim, R1 (44253.33);Right Bank Station point is different than the bankline intersection (>1%)
Fatal;Cross Sections;Itajai_Mirim, R1 (42753.33);Right Bank Station point is different than the bankline intersection (>1%)
Fatal;Cross Sections;Itajai_Mirim, R1 (42253.33);Left Bank Station point is different than the bankline intersection (>1%)
Fatal;Cross Sections;Itajai_Mirim, R1 (42253.33);Right Bank Station point is different than the bankline intersection (>1%)
Fatal;Cross Sections;Itajai_Mirim, R1 (41753.33);Left Bank Station point is different than the bankline intersection (>1%)
Fatal;Cross Sections;Itajai_Mirim, R1 (41753.33);Right Bank Station point is different than the bankline intersection (>1%)
Fatal;Cross Sections;Itajai_Mirim, R1 (40753.33);Left Bank Station point is different than the bankline intersection (>1%)
Fatal;Cross Sections;Itajai_Mirim, R1 (39753.33);Left Bank Station point is different than the bankline intersection (>1%)
Fatal;Cross Sections;Itajai_Mirim, R1 (39753.33);Right Bank Station point is different than the bankline intersection (>1%)
Fatal;Cross Sections;Itajai_Mirim, R1 (38503.33);Right Bank Station point is different than the bankline intersection (>1%)
Fatal;Cross Sections;Itajai_Mirim, R1 (38003.33);Right Bank Station point is different than the bankline intersection (>1%)
Fatal;Cross Sections;Itajai_Mirim, R1 (37503.33);Right Bank Station point is different than the bankline intersection (>1%)
Fatal;Cross Sections;Itajai_Mirim, R1 (37253.33);Left Bank Station point is different than the bankline intersection (>1%)
Fatal;Cross Sections;Itajai_Mirim, R1 (36753.33);Left Bank Station point is different than the bankline intersection (>1%)
Fatal;Cross Sections;Itajai_Mirim, R1 (36753.33);Right Bank Station point is different than the bankline intersection (>1%)
Fatal;Cross Sections;Itajai_Mirim, R1 (36503.33);Left Bank Station point is different than the bankline intersection (>1%)
Fatal;Cross Sections;Itajai_Mirim, R1 (36503.33);Right Bank Station point is different than the bankline intersection (>1%)
Fatal;Cross Sections;Itajai_Mirim, R1 (35753.33);Left Bank Station point is different than the bankline intersection (>1%)
Fatal;Cross Sections;Itajai_Mirim, R1 (35503.33);Left Bank Station point is different than the bankline intersection (>1%)
Fatal;Cross Sections;Itajai_Mirim, R1 (35003.33);Left Bank Station point is different than the bankline intersection (>1%)
Fatal;Cross Sections;Itajai_Mirim, R1 (34503.33);Left Bank Station point is different than the bankline intersection (>1%)
Fatal;Cross Sections;Itajai_Mirim, R1 (34003.33);Left Bank Station point is different than the bankline intersection (>1%)
Fatal;Cross Sections;Itajai_Mirim, R1 (34003.33);Right Bank Station point is different than the bankline intersection (>1%)
Fatal;Cross Sections;Itajai_Mirim, R1 (33753.33);Left Bank Station point is different than the bankline intersection (>1%)
Fatal;Cross Sections;Itajai_Mirim, R1 (33753.33);Right Bank Station point is different than the bankline intersection (>1%)
Fatal;Cross Sections;Itajai_Mirim, R1 (33503.33);Left Bank Station point is different than the bankline intersection (>1%)
Fatal;Cross Sections;Itajai_Mirim, R1 (33253.33);Left Bank Station point is different than the bankline intersection (>1%)
Fatal;Cross Sections;Itajai_Mirim, R1 (33253.33);Right Bank Station point is different than the bankline intersection (>1%)
Fatal;Cross Sections;Itajai_Mirim, R1 (32503.33);Right Bank Station point is different than the bankline intersection (>1%)
Fatal;Cross Sections;Itajai_Mirim, R1 (32253.33);Left Bank Station point is different than the bankline intersection (>1%)
Fatal;Cross Sections;Itajai_Mirim, R1 (32253.33);Right Bank Station point is different than the bankline intersection (>1%)
Fatal;Cross Sections;Itajai_Mirim, R1 (32003.33);Left Bank Station point is different than the bankline intersection (>1%)
Fatal;Cross Sections;Itajai_Mirim, R1 (32003.33);Right Bank Station point is different than the bankline intersection (>1%)
Fatal;Cross Sections;Itajai_Mirim, R1 (30753.33);Left Bank Station point is different than the bankline intersection (>1%)
Fatal;Cross Sections;Itajai_Mirim, R1 (30503.33);Left Bank Station point is different than the bankline intersection (>1%)
Fatal;Cross Sections;Itajai_Mirim, R1 (30503.33);Right Bank Station point is different than the bankline intersection (>1%)
Fatal;Cross Sections;Itajai_Mirim, R1 (30253.33);Left Bank Station point is different than the bankline intersection (>1%)
Fatal;Cross Sections;Itajai_Mirim, R1 (29253.33);Left Bank Station point is different than the bankline intersection (>1%)
Fatal;Cross Sections;Itajai_Mirim, R1 (29003.33);Right Bank Station point is different than the bankline intersection (>1%)
Fatal;Cross Sections;Itajai_Mirim, R1 (28753.33);Left Bank Station point is different than the bankline intersection (>1%)
Fatal;Cross Sections;Itajai_Mirim, R1 (28753.33);Right Bank Station point is different than the bankline intersection (>1%)
Fatal;Cross Sections;Itajai_Mirim, R1 (28003.33);XS intersects > 2 banklines
Fatal;Cross Sections;Itajai_Mirim, R1 (27753.33);Left Bank Station point is different than the bankline intersection (>1%)
Fatal;Cross Sections;Itajai_Mirim, R1 (27753.33);Right Bank Station point is different than the bankline intersection (>1%)
Fatal;Cross Sections;Itajai_Mirim, R1 (27503.33);Right Bank Station point is different than the bankline intersection (>1%)
Fatal;Cross Sections;Itajai_Mirim, R1 (27253.33);Right Bank Station point is different than the bankline intersection (>1%)
Fatal;Cross Sections;Itajai_Mirim, R1 (26753.33);Right Bank Station point is different than the bankline intersection (>1%)
Fatal;Cross Sections;Itajai_Mirim, R1 (26503.33);Left Bank Station point is different than the bankline intersection (>1%)
Fatal;Cross Sections;Itajai_Mirim, R1 (25753.33);Left Bank Station point is different than the bankline intersection (>1%)
Fatal;Cross Sections;Itajai_Mirim, R1 (25003.33);Left Bank Station point is different than the bankline intersection (>1%)
Fatal;Cross Sections;Itajai_Mirim, R1 (24753.33);Left Bank Station point is different than the bankline intersection (>1%)
Fatal;Cross Sections;Itajai_Mirim, R1 (24753.33);Right Bank Station point is different than the bankline intersection (>1%)
Fatal;Cross Sections;Itajai_Mirim, R1 (24003.33);Left Bank Station point is different than the bankline intersection (>1%)
Fatal;Cross Sections;Itajai_Mirim, R1 (24003.33);Right Bank Station point is different than the bankline intersection (>1%)
Fatal;Cross Sections;Itajai_Mirim, R1 (23253.33);Right Bank Station point is different than the bankline intersection (>1%)
Fatal;Cross Sections;Itajai_Mirim, R1 (23003.33);Right Bank Station point is different than the bankline intersection (>1%)
Fatal;Cross Sections;Itajai_Mirim, R1 (22753.33);Left Bank Station point is different than the bankline intersection (>1%)
Fatal;Cross Sections;Itajai_Mirim, R1 (22753.33);Right Bank Station point is different than the bankline intersection (>1%)
Fatal;Cross Sections;Itajai_Mirim, R1 (22503.33);Left Bank Station point is different than the bankline intersection (>1%)
Fatal;Cross Sections;Itajai_Mirim, R1 (22503.33);Right Bank Station point is different than the bankline intersection (>1%)
Fatal;Cross Sections;Itajai_Mirim, R1 (22253.33);Left Bank Station point is different than the bankline intersection (>1%)
Fatal;Cross Sections;Itajai_Mirim, R1 (22253.33);Right Bank Station point is different than the bankline intersection (>1%)
Fatal;Cross Sections;Itajai_Mirim, R1 (22003.33);Left Bank Station point is different than the bankline intersection (>1%)
Fatal;Cross Sections;Itajai_Mirim, R1 (22003.33);Right Bank Station point is different than the bankline intersection (>1%)
Fatal;Cross Sections;Itajai_Mirim, R1 (21753.33);Left Bank Station point is different than the bankline intersection (>1%)
Fatal;Cross Sections;Itajai_Mirim, R1 (21753.33);Right Bank Station point is different than the bankline intersection (>1%)
Fatal;Cross Sections;Itajai_Mirim, R1 (21253.33);Left Bank Station point is different than the bankline intersection (>1%)
Fatal;Cross Sections;Itajai_Mirim, R1 (21253.33);Right Bank Station point is different than the bankline intersection (>1%)
Fatal;Cross Sections;Itajai_Mirim, R1 (21003.33);Left Bank Station point is different than the bankline intersection (>1%)
Fatal;Cross Sections;Itajai_Mirim, R1 (21003.33);Right Bank Station point is different than the bankline intersection (>1%)
Fatal;Cross Sections;Itajai_Mirim, R1 (20753.33);Right Bank Station point is different than the bankline intersection (>1%)
Fatal;Cross Sections;Itajai_Mirim, R1 (20503.33);Left Bank Station point is different than the bankline intersection (>1%)
Fatal;Cross Sections;Itajai_Mirim, R1 (20503.33);Right Bank Station point is different than the bankline intersection (>1%)
Fatal;Cross Sections;Itajai_Mirim, R1 (20253.33);Right Bank Station point is different than the bankline intersection (>1%)
Fatal;Cross Sections;Itajai_Mirim, R1 (20003.33);Left Bank Station point is different than the bankline intersection (>1%)
Fatal;Cross Sections;Itajai_Mirim, R1 (20003.33);Right Bank Station point is different than the bankline intersection (>1%)
Fatal;Cross Sections;Itajai_Mirim, R1 (19753.33);Left Bank Station point is different than the bankline intersection (>1%)
Fatal;Cross Sections;Itajai_Mirim, R1 (19753.33);Right Bank Station point is different than the bankline intersection (>1%)
Fatal;Cross Sections;Itajai_Mirim, R1 (19503.33);Left Bank Station point is different than the bankline intersection (>1%)
Fatal;Cross Sections;Itajai_Mirim, R1 (19503.33);Right Bank Station point is different than the bankline intersection (>1%)
Fatal;Cross Sections;Itajai_Mirim, R1 (19253.33);Left Bank Station point is different than the bankline intersection (>1%)
Fatal;Cross Sections;Itajai_Mirim, R1 (19253.33);Right Bank Station point is different than the bankline intersection (>1%)
Fatal;Cross Sections;Itajai_Mirim, R1 (19003.33);Left Bank Station point is different than the bankline intersection (>1%)
Fatal;Cross Sections;Itajai_Mirim, R1 (19003.33);Right Bank Station point is different than the bankline intersection (>1%)
Fatal;Cross Sections;Itajai_Mirim, R1 (18503.33);Left Bank Station point is different than the bankline intersection (>1%)
Fatal;Cross Sections;Itajai_Mirim, R1 (18253.33);Left Bank Station point is different than the bankline intersection (>1%)
Fatal;Cross Sections;Itajai_Mirim, R1 (18253.33);Right Bank Station point is different than the bankline intersection (>1%)
Fatal;Cross Sections;Itajai_Mirim, R1 (18003.33);Left Bank Station point is different than the bankline intersection (>1%)
Fatal;Cross Sections;Itajai_Mirim, R1 (18003.33);Right Bank Station point is different than the bankline intersection (>1%)
Fatal;Cross Sections;Itajai_Mirim, R1 (17753.33);Left Bank Station point is different than the bankline intersection (>1%)
Fatal;Cross Sections;Itajai_Mirim, R1 (17753.33);Right Bank Station point is different than the bankline intersection (>1%)
Fatal;Cross Sections;Itajai_Mirim, R1 (17253.33);Left Bank Station point is different than the bankline intersection (>1%)
Fatal;Cross Sections;Itajai_Mirim, R1 (17253.33);Right Bank Station point is different than the bankline intersection (>1%)
Fatal;Cross Sections;Itajai_Mirim, R1 (17003.33);Left Bank Station point is different than the bankline intersection (>1%)
Fatal;Cross Sections;Itajai_Mirim, R1 (17003.33);Right Bank Station point is different than the bankline intersection (>1%)
Fatal;Cross Sections;Itajai_Mirim, R1 (16753.33);Left Bank Station point is different than the bankline intersection (>1%)
Fatal;Cross Sections;Itajai_Mirim, R1 (16753.33);Right Bank Station point is different than the bankline intersection (>1%)
Fatal;Cross Sections;Itajai_Mirim, R1 (16503.33);Left Bank Station point is different than the bankline intersection (>1%)
Fatal;Cross Sections;Itajai_Mirim, R1 (16503.33);Right Bank Station point is different than the bankline intersection (>1%)
Fatal;Cross Sections;Itajai_Mirim, R1 (16253.33);Left Bank Station point is different than the bankline intersection (>1%)
Fatal;Cross Sections;Itajai_Mirim, R1 (16253.33);Right Bank Station point is different than the bankline intersection (>1%)
Fatal;Cross Sections;Itajai_Mirim, R1 (16003.33);Left Bank Station point is different than the bankline intersection (>1%)
Fatal;Cross Sections;Itajai_Mirim, R1 (16003.33);Right Bank Station point is different than the bankline intersection (>1%)
Fatal;Cross Sections;Itajai_Mirim, R1 (15753.33);Left Bank Station point is different than the bankline intersection (>1%)
Fatal;Cross Sections;Itajai_Mirim, R1 (15753.33);Right Bank Station point is different than the bankline intersection (>1%)
Fatal;Cross Sections;Itajai_Mirim, R1 (15503.33);Left Bank Station point is different than the bankline intersection (>1%)
Fatal;Cross Sections;Itajai_Mirim, R1 (15503.33);Right Bank Station point is different than the bankline intersection (>1%)
Fatal;Cross Sections;Itajai_Mirim, R1 (15253.33);Left Bank Station point is different than the bankline intersection (>1%)
Fatal;Cross Sections;Itajai_Mirim, R1 (15253.33);Right Bank Station point is different than the bankline intersection (>1%)
Fatal;Cross Sections;Itajai_Mirim, R1 (15003.33);Left Bank Station point is different than the bankline intersection (>1%)
Fatal;Cross Sections;Itajai_Mirim, R1 (15003.33);Right Bank Station point is different than the bankline intersection (>1%)
Fatal;Cross Sections;Itajai_Mirim, R1 (14753.33);Left Bank Station point is different than the bankline intersection (>1%)
Fatal;Cross Sections;Itajai_Mirim, R1 (14753.33);Right Bank Station point is different than the bankline intersection (>1%)
Fatal;Cross Sections;Itajai_Mirim, R1 (14503.33);Left Bank Station point is different than the bankline intersection (>1%)
Fatal;Cross Sections;Itajai_Mirim, R1 (14503.33);Right Bank Station point is different than the bankline intersection (>1%)
Fatal;Cross Sections;Itajai_Mirim, R1 (14253.33);Left Bank Station point is different than the bankline intersection (>1%)
Fatal;Cross Sections;Itajai_Mirim, R1 (14253.33);Right Bank Station point is different than the bankline intersection (>1%)
Fatal;Cross Sections;Itajai_Mirim, R1 (14003.33);Left Bank Station point is different than the bankline intersection (>1%)
Fatal;Cross Sections;Itajai_Mirim, R1 (13753.33);Left Bank Station point is different than the bankline intersection (>1%)
Fatal;Cross Sections;Itajai_Mirim, R1 (13753.33);Right Bank Station point is different than the bankline intersection (>1%)
Fatal;Cross Sections;Itajai_Mirim, R1 (13503.33);Left Bank Station point is different than the bankline intersection (>1%)
Fatal;Cross Sections;Itajai_Mirim, R1 (13503.33);Right Bank Station point is different than the bankline intersection (>1%)
Fatal;Cross Sections;Itajai_Mirim, R1 (13003.33);Left Bank Station point is different than the bankline intersection (>1%)
Fatal;Cross Sections;Itajai_Mirim, R1 (13003.33);Right Bank Station point is different than the bankline intersection (>1%)
Fatal;Cross Sections;Itajai_Mirim, R1 (12753.33);Left Bank Station point is different than the bankline intersection (>1%)
Fatal;Cross Sections;Itajai_Mirim, R1 (12753.33);Right Bank Station point is different than the bankline intersection (>1%)
Fatal;Cross Sections;Itajai_Mirim, R1 (12503.33);Left Bank Station point is different than the bankline intersection (>1%)
Fatal;Cross Sections;Itajai_Mirim, R1 (12503.33);Right Bank Station point is different than the bankline intersection (>1%)
Fatal;Cross Sections;Itajai_Mirim, R1 (12253.33);Left Bank Station point is different than the bankline intersection (>1%)
Fatal;Cross Sections;Itajai_Mirim, R1 (12003.33);Left Bank Station point is different than the bankline intersection (>1%)
Fatal;Cross Sections;Itajai_Mirim, R1 (12003.33);Right Bank Station point is different than the bankline intersection (>1%)
Fatal;Cross Sections;Itajai_Mirim, R1 (11753.33);Left Bank Station point is different than the bankline intersection (>1%)
Fatal;Cross Sections;Itajai_Mirim, R1 (11753.33);Right Bank Station point is different than the bankline intersection (>1%)
Fatal;Cross Sections;Itajai_Mirim, R1 (11503.33);Left Bank Station point is different than the bankline intersection (>1%)
Fatal;Cross Sections;Itajai_Mirim, R1 (11503.33);Right Bank Station point is different than the bankline intersection (>1%)
Fatal;Cross Sections;Itajai_Mirim, R1 (11253.33);Left Bank Station point is different than the bankline intersection (>1%)
Fatal;Cross Sections;Itajai_Mirim, R1 (11003.33);Left Bank Station point is different than the bankline intersection (>1%)
Fatal;Cross Sections;Itajai_Mirim, R1 (11003.33);Right Bank Station point is different than the bankline intersection (>1%)
Fatal;Cross Sections;Itajai_Mirim, R1 (10753.33);Left Bank Station point is different than the bankline intersection (>1%)
Fatal;Cross Sections;Itajai_Mirim, R1 (10503.33);Left Bank Station point is different than the bankline intersection (>1%)
Fatal;Cross Sections;Itajai_Mirim, R1 (10253.33);Left Bank Station point is different than the bankline intersection (>1%)
Fatal;Cross Sections;Itajai_Mirim, R1 (10253.33);Right Bank Station point is different than the bankline intersection (>1%)
Fatal;Cross Sections;Itajai_Mirim, R1 (10003.33);Left Bank Station point is different than the bankline intersection (>1%)
Fatal;Cross Sections;Itajai_Mirim, R1 (9753.33);Left Bank Station point is different than the bankline intersection (>1%)
Fatal;Cross Sections;Itajai_Mirim, R1 (9503.33);Left Bank Station point is different than the bankline intersection (>1%)
Fatal;Cross Sections;Itajai_Mirim, R1 (9503.33);Right Bank Station point is different than the bankline intersection (>1%)
Fatal;Cross Sections;Itajai_Mirim, R1 (9003.33);Left Bank Station point is different than the bankline intersection (>1%)
Fatal;Cross Sections;Itajai_Mirim, R1 (9003.33);Right Bank Station point is different than the bankline intersection (>1%)
Fatal;Cross Sections;Itajai_Mirim, R1 (8753.33);XS intersects < 2 banklines
Fatal;Cross Sections;Itajai_Mirim, R1 (8503.33);XS intersects < 2 banklines
Fatal;Cross Sections;Itajai_Mirim, R1 (8003.33);XS intersects < 2 banklines
Fatal;Cross Sections;Itajai_Mirim, R1 (7753.33);XS intersects < 2 banklines
Fatal;Cross Sections;Itajai_Mirim, R1 (7503.33);Left Bank Station point is different than the bankline intersection (>1%)
Fatal;Cross Sections;Itajai_Mirim, R1 (7503.33);Right Bank Station point is different than the bankline intersection (>1%)
Fatal;Cross Sections;Itajai_Mirim, R1 (7253.33);Left Bank Station point is different than the bankline intersection (>1%)
Fatal;Cross Sections;Itajai_Mirim, R1 (7253.33);Right Bank Station point is different than the bankline intersection (>1%)
Fatal;Cross Sections;Itajai_Mirim, R1 (7003.33);Left Bank Station point is different than the bankline intersection (>1%)
Fatal;Cross Sections;Itajai_Mirim, R1 (7003.33);Right Bank Station point is different than the bankline intersection (>1%)
Fatal;Cross Sections;Itajai_Mirim, R1 (6753.33);XS intersects < 2 banklines
Fatal;Cross Sections;Itajai_Mirim, R1 (6503.33);XS intersects < 2 banklines
Fatal;Cross Sections;Itajai_Mirim, R1 (6253.33);XS intersects < 2 banklines
Fatal;Cross Sections;Itajai_Mirim, R1 (6003.33);XS intersects < 2 banklines
Fatal;Cross Sections;Itajai_Mirim, R1 (5753.33);XS intersects < 2 banklines
Fatal;Cross Sections;Itajai_Mirim, R1 (5503.33);XS intersects < 2 banklines
Fatal;Cross Sections;Itajai_Mirim, R1 (5253.33);Left Bank Station point is different than the bankline intersection (>1%)
Fatal;Cross Sections;Itajai_Mirim, R1 (5003.33);Left Bank Station point is different than the bankline intersection (>1%)
Fatal;Cross Sections;Itajai_Mirim, R1 (5003.33);Right Bank Station point is different than the bankline intersection (>1%)
Fatal;Cross Sections;Itajai_Mirim, R1 (4753.33);Left Bank Station point is different than the bankline intersection (>1%)
Fatal;Cross Sections;Itajai_Mirim, R1 (4753.33);Right Bank Station point is different than the bankline intersection (>1%)
Fatal;Cross Sections;Itajai_Mirim, R1 (4503.33);Left Bank Station point is different than the bankline intersection (>1%)
Fatal;Cross Sections;Itajai_Mirim, R1 (4003.33);Left Bank Station point is different than the bankline intersection (>1%)
Fatal;Cross Sections;Itajai_Mirim, R1 (3753.33);Left Bank Station point is different than the bankline intersection (>1%)
Fatal;Cross Sections;Itajai_Mirim, R1 (3753.33);Right Bank Station point is different than the bankline intersection (>1%)
Fatal;Cross Sections;Itajai_Mirim, R1 (3253.33);Left Bank Station point is different than the bankline intersection (>1%)
Fatal;Cross Sections;Itajai_Mirim, R1 (3253.33);Right Bank Station point is different than the bankline intersection (>1%)
Fatal;Cross Sections;Itajai_Mirim, R1 (3003.33);Left Bank Station point is different than the bankline intersection (>1%)
Fatal;Cross Sections;Itajai_Mirim, R1 (3003.33);Right Bank Station point is different than the bankline intersection (>1%)
Fatal;Cross Sections;Itajai_Mirim, R1 (2753.33);XS intersects > 2 banklines
Fatal;Cross Sections;Itajai_Mirim, R1 (1003.33);XS intersects < 2 banklines
Fatal;Cross Sections;Itajai_Mirim, R1 (503.33);XS intersects < 2 banklines
